Player,Nation,Pos,Squad,Comp,Age,Born,90s,Gls,Sh,SoT,SoT%,Sh/90,SoT/90,G/Sh,G/SoT,Dist,FK,PK,PKatt,xG,npxG,npxG/Sh,G-xG,np:G-xG
Salis Abdul Samed,gh GHA,MF,Clermont Foot,fr Ligue 1,21,2000,27.4,0.04,0.66,0.18,27.8,0.66,0.18,0.06,0.2,21.5,0,0,0,0.03,0.03,0.04,0.01,0.01
Laurent Abergel,fr FRA,MF,Lorient,fr Ligue 1,28,1993,32.8,0,0.88,0.21,24.1,0.88,0.21,0,0,24.2,0,0,0,0.05,0.05,0.05,-0.05,-0.05
Tammy Abraham,eng ENG,FW,Roma,it Serie A,23,1997,34.3,0.5,2.68,1.02,38,2.68,1.02,0.15,0.4,12.9,0.09,0.09,0.09,0.6,0.54,0.2,-0.11,-0.13
Che Adams,sct SCO,FW,Southampton,eng Premier League,25,1996,22.7,0.31,2.16,1.06,49,2.16,1.06,0.14,0.29,13.3,0,0,0,0.31,0.31,0.15,0,0
Tyler Adams,us USA,MF,RB Leipzig,de Bundesliga,22,1999,15,0,0.13,0,0,0.13,0,0,,21.6,0,0,0,0.01,0.01,0.08,-0.01,-0.01
Yacine Adli,fr FRA,MFFW,Bordeaux,fr Ligue 1,21,2000,25.1,0.04,1.27,0.6,46.9,1.27,0.6,0.03,0.07,21.2,0.16,0,0,0.08,0.08,0.06,-0.04,-0.04
Lucien Agoume,fr FRA,MF,Brest,fr Ligue 1,19,2002,20.8,0,0.72,0.05,6.7,0.72,0.05,0,0,11.9,0,0,0,0.06,0.05,0.07,-0.06,-0.05
Ludovic Ajorque,fr FRA,FW,Strasbourg,fr Ligue 1,27,1994,30.4,0.39,1.84,0.79,42.9,1.84,0.79,0.16,0.38,13.5,0,0.1,0.1,0.35,0.27,0.15,0.05,0.02
TomÃ¡s AlarcÃ³n,cl CHI,MF,CÃ¡diz,es La Liga,22,1999,15.8,0,0.95,0.13,13.3,0.95,0.13,0,0,24.1,0,0,0,0.07,0.07,0.07,-0.07,-0.07
Luis Alberto,es ESP,MF,Lazio,it Serie A,28,1992,26.1,0.19,1.8,0.61,34,1.8,0.61,0.11,0.31,21,0.08,0,0,0.13,0.13,0.07,0.07,0.07
Thiago AlcÃ¡ntara,es ESP,MF,Liverpool,eng Premier League,30,1991,17,0.06,1.47,0.35,24,1.47,0.35,0.04,0.17,19.3,0,0,0,0.11,0.11,0.08,-0.05,-0.05
Carles AleÃ±Ã¡,es ESP,MF,Getafe,es La Liga,23,1998,25.8,0.04,1.78,0.54,30.4,1.78,0.54,0.02,0.07,24.2,0,0,0,0.07,0.07,0.04,-0.03,-0.03
Mohamed Ali Cho,fr FRA,FW,Angers,fr Ligue 1,17,2004,20.4,0.2,2.06,0.74,35.7,2.06,0.73,0.1,0.27,15.3,0,0,0,0.31,0.31,0.15,-0.12,-0.12
Allan,br BRA,MF,Everton,eng Premier League,30,1991,24.3,0,0.29,0.12,42.9,0.29,0.12,0,0,24.5,0,0,0,0.01,0.01,0.03,-0.01,-0.01
Jim Allevinah,ga GAB,FW,Clermont Foot,fr Ligue 1,26,1995,16.5,0.06,2.61,0.91,34.9,2.6,0.91,0.02,0.07,19.2,0.06,0,0,0.17,0.17,0.07,-0.11,-0.11
Miguel AlmirÃ³n,py PAR,MFFW,Newcastle Utd,eng Premier League,27,1994,19.1,0.05,1.68,0.37,21.9,1.68,0.37,0.03,0.14,19.6,0,0,0,0.09,0.09,0.05,-0.04,-0.04
Ethan Ampadu,wls WAL,MFDF,Venezia,it Serie A,20,2000,25.4,0,0.28,0.04,14.3,0.28,0.04,0,0,20.2,0,0,0,0.01,0.01,0.04,-0.01,-0.01
Felipe Anderson,br BRA,FW,Lazio,it Serie A,28,1993,32.1,0.19,1.37,0.5,36.4,1.37,0.5,0.14,0.38,16.4,0,0,0,0.19,0.19,0.14,-0.01,-0.01
Benjamin AndrÃ©,fr FRA,MF,Lille,fr Ligue 1,30,1990,30.6,0.07,0.59,0.16,27.8,0.59,0.16,0.11,0.4,14.5,0,0,0,0.05,0.05,0.08,0.02,0.02
Robert Andrich,de GER,MF,Leverkusen,de Bundesliga,26,1994,20.2,0.2,1.49,0.35,23.3,1.49,0.35,0.13,0.57,18.4,0.05,0,0,0.16,0.14,0.09,0.04,0.06
Michail Antonio,jm JAM,FW,West Ham,eng Premier League,31,1990,33,0.3,2.48,0.82,32.9,2.48,0.82,0.12,0.37,14.9,0,0,0.03,0.33,0.31,0.12,-0.02,-0.01
Houssem Aouar,fr FRA,MFFW,Lyon,fr Ligue 1,23,1998,27.8,0.22,2.73,0.86,31.6,2.73,0.86,0.08,0.25,17.9,0,0,0,0.23,0.23,0.08,-0.01,-0.01
Mauro Arambarri,uy URU,MF,Getafe,es La Liga,25,1995,29.6,0,1.25,0.27,21.6,1.25,0.27,0,0,27.7,0.07,0,0,0.04,0.04,0.03,-0.04,-0.04
Mattia Aramu,it ITA,MFFW,Venezia,it Serie A,26,1995,23.3,0.3,2.36,0.64,27.3,2.36,0.64,0.07,0.27,24.5,0.73,0.13,0.17,0.29,0.15,0.07,0.01,0.02
Charles ArÃ¡nguiz,cl CHI,MF,Leverkusen,de Bundesliga,32,1989,17.5,0.06,0.57,0.17,30,0.57,0.17,0.1,0.33,19.6,0,0,0,0.09,0.09,0.16,-0.03,-0.03
Adam Armstrong,eng ENG,FW,Southampton,eng Premier League,24,1997,15.7,0.13,2.99,0.89,29.8,2.99,0.89,0.04,0.14,17.2,0,0,0,0.29,0.29,0.1,-0.16,-0.16
Stuart Armstrong,sct SCO,MF,Southampton,eng Premier League,29,1992,16.4,0.12,2.32,0.55,23.7,2.32,0.55,0.05,0.22,20.5,0,0,0,0.15,0.15,0.07,-0.03,-0.03
Marko ArnautoviÄ‡,at AUT,FW,Bologna,it Serie A,32,1989,29.9,0.47,2.98,1.07,36,2.97,1.07,0.13,0.38,15.2,0.1,0.07,0.1,0.49,0.42,0.14,-0.02,-0.02
Maximilian Arnold,de GER,MF,Wolfsburg,de Bundesliga,27,1994,33.3,0.12,1.17,0.45,38.5,1.17,0.45,0.1,0.27,32,0.36,0,0,0.05,0.05,0.04,0.07,0.07
Tolgay Arslan,de GER,MF,Udinese,it Serie A,30,1990,18.4,0.05,1.25,0.49,39.1,1.25,0.49,0.04,0.11,22.8,0.05,0,0,0.07,0.07,0.05,-0.01,-0.01
Takuma Asano,jp JPN,FWMF,Bochum,de Bundesliga,26,1994,17.9,0.17,1.84,0.61,33.3,1.85,0.62,0.09,0.27,16.8,0,0,0,0.21,0.21,0.11,-0.04,-0.04
Santiago AscacÃ­bar,ar ARG,MF,Hertha BSC,de Bundesliga,24,1997,26.4,0,0.49,0.04,7.7,0.49,0.04,0,0,17.7,0,0,0,0.03,0.03,0.07,-0.03,-0.03
Marco Asensio,es ESP,FWMF,Real Madrid,es La Liga,25,1996,19.2,0.52,3.33,1.67,50,3.33,1.66,0.16,0.31,18.9,0.1,0,0,0.39,0.39,0.12,0.13,0.13
Kristjan Asllani,al ALB,MF,Empoli,it Serie A,19,2002,15,0.07,1.13,0.4,35.3,1.13,0.4,0.06,0.17,25.6,0.13,0,0,0.05,0.05,0.04,0.01,0.01
Iago Aspas,es ESP,FW,Celta Vigo,es La Liga,33,1987,34.3,0.52,2.48,1.05,42.4,2.48,1.05,0.18,0.42,16.5,0.2,0.09,0.15,0.41,0.3,0.12,0.11,0.14
Ezequiel Ãvila,ar ARG,FWMF,Osasuna,es La Liga,27,1994,20.8,0.29,2.98,0.72,24.2,2.98,0.72,0.08,0.33,24.6,0.19,0.05,0.05,0.21,0.17,0.06,0.08,0.07
Taiwo Awoniyi,ng NGA,FW,Union Berlin,de Bundesliga,23,1997,24.2,0.62,2.69,1.24,46.2,2.69,1.24,0.2,0.43,13.1,0,0.08,0.08,0.56,0.5,0.18,0.06,0.04
Jordan Ayew,gh GHA,FW,Crystal Palace,eng Premier League,29,1991,22.4,0.13,1.56,0.36,22.9,1.56,0.36,0.09,0.38,16.8,0.04,0,0,0.14,0.14,0.09,0,0
Iddrisu Baba,gh GHA,MF,Mallorca,es La Liga,25,1996,21.5,0.05,1.07,0.37,34.8,1.07,0.37,0.04,0.13,24.4,0,0,0,0.07,0.07,0.06,-0.02,-0.02
Milan Badelj,hr CRO,MF,Genoa,it Serie A,32,1989,31.6,0.03,0.66,0.16,23.8,0.66,0.16,0.05,0.2,23.1,0,0,0,0.03,0.03,0.05,0,0
Nedim Bajrami,al ALB,MFFW,Empoli,it Serie A,22,1999,22.8,0.26,2.24,0.79,35.3,2.23,0.79,0.06,0.17,21,0.35,0.13,0.13,0.28,0.18,0.08,-0.02,-0.04
Jonathan Bamba,fr FRA,MFFW,Lille,fr Ligue 1,25,1996,27,0.04,1.89,0.44,23.5,1.89,0.44,0.02,0.08,19.9,0.07,0,0,0.11,0.11,0.06,-0.07,-0.07
Filippo Bandinelli,it ITA,MF,Empoli,it Serie A,26,1995,21.7,0.09,1.61,0.51,31.4,1.61,0.51,0.06,0.18,19.9,0,0,0,0.1,0.1,0.06,-0.01,-0.01
AntonÃ­n BarÃ¡k,cz CZE,MFFW,Hellas Verona,it Serie A,26,1994,26,0.42,1.81,0.77,42.6,1.81,0.77,0.15,0.35,15.7,0.08,0.15,0.15,0.34,0.22,0.12,0.08,0.05
Enis Bardhi,mk MKD,MFFW,Levante,es La Liga,26,1995,18.9,0.16,2.17,0.42,19.5,2.17,0.42,0.02,0.13,24.3,0.48,0.11,0.11,0.21,0.12,0.05,-0.05,-0.06
Keidi Bare,al ALB,MF,Espanyol,es La Liga,23,1997,16.5,0.06,0.24,0.06,25,0.24,0.06,0.25,1,13.2,0,0,0,0.02,0.02,0.07,0.04,0.04
NicolÃ² Barella,it ITA,MF,Inter,it Serie A,24,1997,32.4,0.09,2.1,0.37,17.6,2.1,0.37,0.04,0.25,20.5,0,0,0,0.15,0.15,0.07,-0.05,-0.05
Harvey Barnes,eng ENG,FWMF,Leicester City,eng Premier League,23,1997,23.3,0.26,2.83,1.03,36.4,2.83,1.03,0.09,0.25,16.1,0,0,0,0.24,0.24,0.09,0.02,0.02
Leandro Barreiro Martins,lu LUX,MF,Mainz 05,de Bundesliga,21,2000,19.9,0.05,1.61,0.5,31.3,1.61,0.5,0.03,0.1,19.5,0,0,0,0.13,0.13,0.08,-0.08,-0.08
Musa Barrow,gm GAM,FWMF,Bologna,it Serie A,22,1998,23.7,0.25,3,1.14,38,2.99,1.14,0.08,0.22,21.4,0.13,0,0,0.25,0.25,0.08,0,0
Simone Bastoni,it ITA,MFDF,Spezia,it Serie A,24,1996,25.4,0.12,1.1,0.24,21.4,1.1,0.24,0.11,0.5,24.1,0,0,0,0.06,0.06,0.05,0.06,0.06
Christoph Baumgartner,at AUT,MFFW,Hoffenheim,de Bundesliga,21,1999,21,0.33,2,0.81,40.5,2,0.81,0.17,0.41,13.5,0,0,0,0.33,0.33,0.17,0,0
Ihlas Bebou,tg TOG,FWDF,Hoffenheim,de Bundesliga,27,1994,23.2,0.3,1.98,0.6,30.4,1.98,0.6,0.15,0.5,11.8,0,0,0,0.41,0.41,0.21,-0.1,-0.1
Sheraldo Becker,sr SUR,FWMF,Union Berlin,de Bundesliga,26,1995,19.5,0.21,1.9,0.92,48.6,1.89,0.92,0.11,0.22,20.1,0.05,0,0,0.12,0.12,0.06,0.08,0.08
Ishak Belfodil,dz ALG,FW,Hertha BSC,de Bundesliga,29,1992,18.2,0.27,1.7,0.93,54.8,1.71,0.94,0.13,0.24,13.1,0,0.05,0.05,0.2,0.16,0.1,0.07,0.05
Haris Belkebla,dz ALG,MF,Brest,fr Ligue 1,27,1994,25.7,0,0.16,0.04,25,0.16,0.04,0,0,24.3,0,0,0,0,0,0.02,0,0
Jean-Ricner Bellegarde,fr FRA,MF,Strasbourg,fr Ligue 1,23,1998,25.9,0.08,1.2,0.27,22.6,1.2,0.27,0.06,0.29,20.8,0.08,0,0,0.07,0.07,0.06,0,0
Jude Bellingham,eng ENG,MF,Dortmund,de Bundesliga,18,2003,31,0.1,1.42,0.39,27.3,1.42,0.39,0.07,0.25,18.1,0,0,0,0.15,0.15,0.11,-0.06,-0.06
Andrea Belotti,it ITA,FW,Torino,it Serie A,27,1993,15.2,0.53,3.62,1.12,30.9,3.61,1.12,0.09,0.29,15.5,0.2,0.2,0.2,0.52,0.37,0.1,0.01,-0.04
Fran BeltrÃ¡n,es ESP,MF,Celta Vigo,es La Liga,22,1999,28.9,0.03,0.69,0.14,20,0.69,0.14,0.05,0.25,29.2,0,0,0,0.01,0.01,0.02,0.02,0.02
Wissam Ben Yedder,fr FRA,FW,Monaco,fr Ligue 1,30,1990,28.1,0.89,2.28,1.28,56.3,2.28,1.28,0.27,0.47,14.7,0.14,0.28,0.28,0.64,0.42,0.18,0.25,0.19
IsmaÃ«l Bennacer,dz ALG,MF,Milan,it Serie A,23,1997,16.9,0.12,0.95,0.36,37.5,0.94,0.35,0.13,0.33,23.9,0.12,0,0,0.04,0.04,0.04,0.08,0.08
SaÃ¯d Benrahma,dz ALG,FWMF,West Ham,eng Premier League,25,1995,24.1,0.33,2.61,0.83,31.7,2.62,0.83,0.13,0.4,19.6,0.12,0,0,0.2,0.2,0.08,0.13,0.13
Nabil Bentaleb,dz ALG,MF,Angers,fr Ligue 1,26,1994,16.8,0.06,0.89,0.42,46.7,0.89,0.42,0.07,0.14,22.9,0.06,0,0,0.04,0.04,0.04,0.02,0.02
Rodrigo Bentancur,uy URU,MF,Tottenham,eng Premier League,24,1997,15.1,0,0.93,0.13,14.3,0.93,0.13,0,0,19.5,0,0,0,0.05,0.05,0.06,-0.05,-0.05
Karim Benzema,fr FRA,FW,Real Madrid,es La Liga,33,1987,28.8,0.94,4.06,1.67,41,4.06,1.67,0.17,0.42,16.2,0.1,0.24,0.38,0.82,0.52,0.13,0.11,0.17
Domenico Berardi,it ITA,FW,Sassuolo,it Serie A,26,1994,31.3,0.48,3.32,1.28,38.5,3.32,1.28,0.09,0.23,21.6,0.26,0.19,0.19,0.36,0.21,0.06,0.12,0.08
Ãlex Berenguer,es ESP,MF,Athletic Club,es La Liga,26,1995,24.1,0.12,1.87,0.58,31.1,1.87,0.58,0.07,0.21,18,0.04,0,0.04,0.22,0.19,0.1,-0.09,-0.06
Federico Bernardeschi,it ITA,MFFW,Juventus,it Serie A,27,1994,16.4,0.06,2.01,0.43,21.2,2.01,0.43,0.03,0.14,19.9,0,0,0,0.09,0.09,0.05,-0.03,-0.03
Jason Berthomier,fr FRA,MF,Clermont Foot,fr Ligue 1,31,1990,19.2,0.05,1.2,0.21,17.4,1.2,0.21,0.04,0.25,20.8,0.31,0,0,0.09,0.09,0.08,-0.04,-0.04
Beto,gw GNB,FW,Udinese,it Serie A,23,1998,24.1,0.46,2.66,1.08,40.6,2.65,1.08,0.17,0.42,13.5,0,0,0,0.53,0.53,0.2,-0.07,-0.07
Yves Bissouma,ml MLI,MF,Brighton,eng Premier League,24,1996,23.5,0.04,0.89,0.21,23.8,0.9,0.21,0.05,0.2,25.3,0.04,0,0,0.04,0.04,0.04,0,0
Ludovic Blas,fr FRA,MFFW,Nantes,fr Ligue 1,23,1997,32.9,0.3,2.58,0.97,37.6,2.58,0.97,0.06,0.16,20.6,0.03,0.15,0.15,0.36,0.24,0.09,-0.05,-0.09
Jean-Paul BoÃ«tius,nl NED,MF,Mainz 05,de Bundesliga,27,1994,20,0.1,1.2,0.4,33.3,1.2,0.4,0.08,0.25,24.4,0.05,0,0,0.05,0.05,0.04,0.05,0.05
Giacomo Bonaventura,it ITA,MF,Fiorentina,it Serie A,31,1989,25.2,0.16,1.83,0.56,30.4,1.83,0.56,0.09,0.29,17.9,0.04,0,0,0.19,0.19,0.11,-0.03,-0.03
Federico Bonazzoli,it ITA,FWMF,Salernitana,it Serie A,24,1997,20.7,0.48,2.66,0.97,36.4,2.65,0.96,0.15,0.4,17.8,0.05,0.1,0.1,0.36,0.29,0.11,0.12,0.1
Rafael BorrÃ©,co COL,FW,Eint Frankfurt,de Bundesliga,25,1995,26.4,0.3,2.01,0.91,45.3,2.01,0.91,0.15,0.33,14.5,0,0,0,0.28,0.28,0.14,0.02,0.02
Denis Bouanga,ga GAB,FWMF,Saint-Ã‰tienne,fr Ligue 1,26,1994,27.1,0.33,3.1,1.11,35.7,3.1,1.11,0.11,0.3,18.9,0.15,0,0,0.3,0.3,0.1,0.04,0.04
Hicham Boudaoui,dz ALG,MF,Nice,fr Ligue 1,21,1999,18,0.17,0.89,0.28,31.3,0.89,0.28,0.19,0.6,18.1,0,0,0,0.06,0.06,0.07,0.11,0.11
Ryad Boudebouz,dz ALG,MFFW,Saint-Ã‰tienne,fr Ligue 1,31,1990,25,0.12,1.08,0.36,33.3,1.08,0.36,0.07,0.22,24.7,0.28,0.04,0.04,0.09,0.06,0.05,0.03,0.02
Sofiane Boufal,ma MAR,FWMF,Angers,fr Ligue 1,27,1993,25.9,0.31,2.32,0.93,40,2.32,0.93,0.08,0.21,21.7,0.39,0.12,0.12,0.33,0.24,0.11,-0.02,-0.04
Farid Boulaya,dz ALG,MFFW,Metz,fr Ligue 1,28,1993,17,0.24,1.12,0.35,31.6,1.12,0.35,0.21,0.67,24.2,0.35,0,0,0.09,0.09,0.08,0.15,0.15
Benjamin Bourigeaud,fr FRA,FWMF,Rennes,fr Ligue 1,27,1994,35.5,0.31,1.44,0.59,41.2,1.44,0.59,0.22,0.52,17.3,0.23,0,0,0.16,0.16,0.11,0.15,0.15
Jarrod Bowen,eng ENG,FW,West Ham,eng Premier League,24,1996,33.1,0.36,2.39,1.03,43,2.38,1.03,0.15,0.35,15.7,0,0,0,0.36,0.36,0.15,0,0
Lucas BoyÃ©,ar ARG,FW,Elche,es La Liga,25,1996,19,0.37,2.58,0.84,32.7,2.57,0.84,0.14,0.44,16.2,0.11,0,0,0.24,0.24,0.09,0.13,0.13
Julian Brandt,de GER,MFFW,Dortmund,de Bundesliga,25,1996,23.1,0.39,1.47,0.65,44.1,1.47,0.65,0.26,0.6,17.1,0,0,0,0.21,0.21,0.14,0.18,0.18
Darko BraÅ¡anac,rs SRB,MF,Osasuna,es La Liga,29,1992,26.7,0.04,0.64,0.19,29.4,0.64,0.19,0.06,0.2,14.8,0,0,0,0.06,0.06,0.09,-0.02,-0.02
Josip Brekalo,hr CRO,MF,Torino,it Serie A,23,1998,25.4,0.28,1.73,0.67,38.6,1.73,0.67,0.16,0.41,19.4,0.08,0,0,0.17,0.17,0.1,0.11,0.11
Armando Broja,al ALB,FW,Southampton,eng Premier League,19,2001,21.9,0.27,2.05,0.87,42.2,2.05,0.87,0.13,0.32,13,0,0,0,0.27,0.27,0.13,0,0
Josh Brownhill,eng ENG,MF,Burnley,eng Premier League,25,1995,32.8,0.06,0.88,0.27,31,0.88,0.27,0.07,0.22,23.8,0.12,0,0,0.04,0.04,0.05,0.02,0.02
Marcelo BrozoviÄ‡,hr CRO,MF,Inter,it Serie A,28,1992,32.6,0.06,0.98,0.4,40.6,0.98,0.4,0.06,0.15,22.3,0,0,0,0.04,0.04,0.04,0.02,0.02
Ante Budimir,hr CRO,FW,Osasuna,es La Liga,30,1991,19.3,0.41,2.23,0.98,44.2,2.23,0.98,0.14,0.32,12.3,0,0.1,0.1,0.43,0.35,0.16,-0.02,-0.04
Emi BuendÃ­a,ar ARG,MFFW,Aston Villa,eng Premier League,24,1996,21.1,0.19,2.09,0.62,29.5,2.09,0.62,0.09,0.31,17.9,0,0,0,0.16,0.16,0.08,0.03,0.03
Jonathan Burkardt,de GER,FWMF,Mainz 05,de Bundesliga,21,2000,29,0.38,2.69,1.14,42.3,2.69,1.14,0.13,0.3,14.4,0,0.03,0.03,0.44,0.41,0.15,-0.06,-0.07
Gianluca Busio,us USA,MF,Venezia,it Serie A,19,2002,21.7,0.05,0.65,0.23,35.7,0.65,0.23,0.07,0.2,20.3,0.05,0,0,0.04,0.04,0.07,0,0
Sergio Busquets,es ESP,MF,Barcelona,es La Liga,33,1988,35.5,0.06,0.39,0.11,28.6,0.39,0.11,0.14,0.5,21.3,0,0,0,0.02,0.02,0.05,0.04,0.04
Hakan Ã‡alhanoÄŸlu,tr TUR,MF,Inter,it Serie A,27,1994,27.6,0.25,2.25,0.54,24.2,2.25,0.54,0.06,0.27,24.3,0.33,0.11,0.11,0.21,0.13,0.06,0.04,0.02
Mahdi Camara,fr FRA,MFDF,Saint-Ã‰tienne,fr Ligue 1,23,1998,34.1,0.09,0.82,0.44,53.6,0.82,0.44,0.11,0.2,18.7,0,0,0,0.07,0.07,0.09,0.01,0.01
JosÃ© CampaÃ±a,es ESP,MF,Levante,es La Liga,28,1993,15.8,0.13,0.76,0.32,41.7,0.76,0.32,0.17,0.4,21.4,0.06,0,0.06,0.09,0.04,0.05,0.03,0.09
Sergio Canales,es ESP,FWMF,Betis,es La Liga,30,1991,31,0.16,1.74,0.77,44.4,1.74,0.77,0.09,0.21,21,0.1,0,0,0.13,0.13,0.08,0.03,0.03
Antonio Candreva,it ITA,MFFW,Sampdoria,it Serie A,34,1987,34.7,0.2,2.07,0.55,26.4,2.08,0.55,0.08,0.32,21.9,0.12,0.03,0.06,0.17,0.12,0.06,0.03,0.05
Ã‰tienne Capoue,fr FRA,MF,Villarreal,es La Liga,33,1988,25.4,0.04,0.55,0.2,35.7,0.55,0.2,0.07,0.2,19.9,0,0,0,0.02,0.02,0.04,0.02,0.02
Gianluca Caprari,it ITA,MFFW,Hellas Verona,it Serie A,28,1993,30.4,0.39,2.14,0.86,40,2.14,0.85,0.15,0.38,18.8,0.13,0.07,0.07,0.23,0.18,0.09,0.16,0.15
Francesco Caputo,it ITA,FW,Sampdoria,it Serie A,33,1987,31,0.35,1.71,0.9,52.8,1.71,0.9,0.21,0.39,13.1,0,0,0.03,0.33,0.3,0.18,0.02,0.05
Maxence Caqueret,fr FRA,MF,Lyon,fr Ligue 1,21,2000,25.9,0,0.58,0.08,13.3,0.58,0.08,0,0,22.3,0,0,0,0.03,0.03,0.05,-0.03,-0.03
Yannick Carrasco,be BEL,FWMF,AtlÃ©tico Madrid,es La Liga,27,1993,28.7,0.21,1.67,0.31,18.8,1.67,0.31,0.08,0.44,18.2,0,0.07,0.07,0.18,0.13,0.08,0.02,0.01
William Carvalho,pt POR,MF,Betis,es La Liga,29,1992,20.1,0.1,1.64,0.5,30.3,1.65,0.5,0.06,0.2,16.8,0,0,0,0.15,0.15,0.1,-0.05,-0.05
Casemiro,br BRA,MF,Real Madrid,es La Liga,29,1992,28.5,0.04,1.44,0.32,22,1.44,0.32,0.02,0.11,25.1,0.04,0,0,0.09,0.09,0.06,-0.05,-0.05
Gaetano Castrovilli,it ITA,MF,Fiorentina,it Serie A,24,1997,15.5,0.06,0.97,0.13,13.3,0.97,0.13,0.07,0.5,17.3,0.06,0,0,0.06,0.06,0.07,0,0
Danilo Cataldi,it ITA,MF,Lazio,it Serie A,26,1994,19,0.05,0.63,0.21,33.3,0.63,0.21,0.08,0.25,28,0.16,0,0,0.02,0.02,0.04,0.03,0.03
Franco Cervi,ar ARG,MF,Celta Vigo,es La Liga,27,1994,20,0.2,1.1,0.45,40.9,1.1,0.45,0.18,0.44,16.2,0,0,0,0.15,0.15,0.16,0.04,0.04
Xavier Chavalerin,fr FRA,MF,Troyes,fr Ligue 1,30,1991,30.2,0.17,1.03,0.33,32.3,1.03,0.33,0.16,0.5,19,0,0,0,0.05,0.05,0.05,0.12,0.12
Pedro Chirivella,es ESP,MF,Nantes,fr Ligue 1,24,1997,29.3,0.1,0.72,0.2,28.6,0.72,0.2,0.14,0.5,21.2,0,0,0,0.03,0.03,0.05,0.07,0.07
Joris Chotard,fr FRA,MF,Montpellier,fr Ligue 1,19,2001,32.6,0.03,0.55,0.09,16.7,0.55,0.09,0.06,0.33,20.9,0,0,0,0.03,0.03,0.05,0,0
Max Christiansen,de GER,MF,Greuther FÃ¼rth,de Bundesliga,24,1996,22.8,0,0.44,0.04,10,0.44,0.04,0,0,24.6,0,0,0,0.02,0.02,0.04,-0.02,-0.02
Tom Cleverley,eng ENG,MF,Watford,eng Premier League,31,1989,18,0,0.67,0.39,58.3,0.67,0.39,0,0,21,0,0,0,0.04,0.04,0.06,-0.04,-0.04
Kingsley Coman,fr FRA,FWDF,Bayern Munich,de Bundesliga,25,1996,15.1,0.4,3.05,1.32,43.5,3.05,1.32,0.13,0.3,17.2,0,0,0,0.26,0.26,0.09,0.13,0.13
Santi ComesaÃ±a,es ESP,MF,Rayo Vallecano,es La Liga,24,1996,29.8,0.03,1.07,0.17,15.6,1.07,0.17,0.03,0.2,13.3,0.03,0,0,0.12,0.12,0.11,-0.09,-0.09
Jack Cork,eng ENG,MF,Burnley,eng Premier League,32,1989,18.6,0.05,0.38,0.05,14.3,0.38,0.05,0.14,1,18,0,0,0,0.04,0.04,0.1,0.02,0.02
Maxwel Cornet,ci CIV,FWMF,Burnley,eng Premier League,24,1996,19.6,0.46,2.35,1.12,47.8,2.34,1.12,0.2,0.41,16.9,0.2,0,0.05,0.34,0.3,0.13,0.12,0.16
Ãngel Correa,ar ARG,FWMF,AtlÃ©tico Madrid,es La Liga,26,1995,20.6,0.58,2.43,1.12,46,2.42,1.12,0.24,0.52,17,0,0,0,0.35,0.35,0.15,0.23,0.23
David Pereira da Costa,pt POR,MFFW,Lens,fr Ligue 1,20,2001,16.3,0.18,1.53,0.49,32,1.54,0.49,0.12,0.38,19.9,0,0,0,0.13,0.13,0.08,0.06,0.06
Lassana Coulibaly,ml MLI,MF,Salernitana,it Serie A,25,1996,25.9,0,0.85,0.27,31.8,0.85,0.27,0,0,25.7,0,0,0,0.04,0.04,0.04,-0.04,-0.04
Bryan Cristante,it ITA,MF,Roma,it Serie A,26,1995,29.8,0.07,1.34,0.17,12.5,1.34,0.17,0.05,0.4,17,0,0,0,0.07,0.07,0.06,-0.01,-0.01
Domen ÄŒrnigoj,si SVN,MF,Venezia,it Serie A,25,1995,20.9,0.14,1.53,0.57,37.5,1.53,0.57,0.09,0.25,22.4,0,0,0,0.11,0.11,0.07,0.04,0.04
Patrick Cutrone,it ITA,FW,Empoli,it Serie A,23,1998,15.6,0.19,3.21,0.9,28,3.21,0.9,0.06,0.21,15.8,0,0,0,0.24,0.24,0.07,-0.04,-0.04
Wylan Cyprien,fr FRA,MF,Nantes,fr Ligue 1,26,1995,16.6,0.12,1.2,0.48,40,1.21,0.48,0.1,0.25,24.4,0.12,0,0,0.05,0.05,0.04,0.07,0.07
Mahmoud Dahoud,de GER,MF,Dortmund,de Bundesliga,25,1996,18.4,0.11,1.2,0.22,18.2,1.19,0.22,0.09,0.5,23.7,0,0,0,0.07,0.07,0.06,0.04,0.04
Arnaut Danjuma,nl NED,FW,Villarreal,es La Liga,24,1997,16.4,0.61,3.6,1.52,42.4,3.61,1.53,0.12,0.28,15.1,0.12,0.18,0.18,0.73,0.58,0.16,-0.12,-0.15
Sergi Darder,es ESP,MF,Espanyol,es La Liga,27,1993,34.7,0.09,1.27,0.49,38.6,1.27,0.49,0.07,0.18,24.1,0,0,0,0.07,0.07,0.06,0.01,0.01
VladimÃ­r Darida,cz CZE,MF,Hertha BSC,de Bundesliga,30,1990,19.8,0.1,1.21,0.45,37.5,1.21,0.45,0.08,0.22,21.8,0.05,0,0,0.1,0.1,0.08,0.01,0.01
Jonathan David,ca CAN,FW,Lille,fr Ligue 1,21,2000,31.2,0.48,2.15,0.96,44.8,2.15,0.96,0.19,0.43,13.8,0,0.06,0.1,0.47,0.39,0.18,0.01,0.02
Kevin De Bruyne,be BEL,MF,Manchester City,eng Premier League,30,1991,24.5,0.61,3.18,1.27,39.7,3.19,1.27,0.19,0.48,19.2,0.29,0,0,0.23,0.23,0.07,0.38,0.38
Rodrigo De Paul,ar ARG,MF,AtlÃ©tico Madrid,es La Liga,27,1994,23.9,0.13,1,0.38,37.5,1,0.38,0.13,0.33,22.8,0,0,0,0.07,0.07,0.07,0.06,0.06
GrÃ©goire Defrel,mq MTQ,FW,Sassuolo,it Serie A,30,1991,15.1,0.13,1.79,0.66,37,1.78,0.66,0.07,0.2,13.8,0,0,0,0.26,0.26,0.15,-0.13,-0.13
Alessandro Deiola,it ITA,MF,Cagliari,it Serie A,25,1995,23.7,0.17,1.1,0.51,46.2,1.1,0.51,0.15,0.33,20.1,0,0,0,0.11,0.11,0.1,0.06,0.06
Thomas Delaney,dk DEN,MF,Sevilla,es La Liga,29,1991,17.2,0.12,0.99,0.23,23.5,0.99,0.23,0.12,0.5,12.2,0,0,0,0.07,0.07,0.07,0.05,0.05
Andy Delort,dz ALG,FW,Nice,fr Ligue 1,29,1991,27.2,0.59,3.49,1.36,38.9,3.49,1.36,0.14,0.35,16.9,0.26,0.11,0.11,0.54,0.45,0.13,0.05,0.03
Moussa DembÃ©lÃ©,fr FRA,FW,Lyon,fr Ligue 1,25,1996,24.5,0.86,3.39,1.51,44.6,3.38,1.51,0.19,0.43,12.7,0,0.2,0.2,0.79,0.62,0.19,0.07,0.03
Ousmane DembÃ©lÃ©,fr FRA,FW,Barcelona,es La Liga,24,1997,15.7,0.06,2.93,0.45,15.2,2.94,0.45,0.02,0.14,19.5,0.06,0,0,0.17,0.17,0.06,-0.1,-0.1
Kerem Demirbay,de GER,MF,Leverkusen,de Bundesliga,28,1993,22.8,0.04,1.58,0.48,30.6,1.58,0.48,0,0,25.4,0.26,0.04,0.09,0.14,0.08,0.05,-0.1,-0.08
Leander Dendoncker,be BEL,MF,Wolves,eng Premier League,26,1995,21.7,0.09,1.06,0.46,43.5,1.06,0.46,0.09,0.2,16.1,0,0,0,0.1,0.1,0.1,-0.01,-0.01
Emmanuel Dennis,ng NGA,FWMF,Watford,eng Premier League,23,1997,28.7,0.35,2.09,0.91,43.3,2.09,0.91,0.17,0.38,15.5,0.24,0,0,0.25,0.25,0.12,0.09,0.09
Mattia Destro,it ITA,FW,Genoa,it Serie A,30,1991,19.4,0.46,2.78,1.03,37,2.79,1.03,0.17,0.45,13.7,0,0,0,0.4,0.4,0.14,0.07,0.07
Gerard Deulofeu,es ESP,FWMF,Udinese,it Serie A,27,1994,29.1,0.45,2.65,1.13,42.9,2.65,1.14,0.16,0.36,17.8,0.45,0.03,0.03,0.24,0.21,0.08,0.21,0.2
Kiernan Dewsbury-Hall,eng ENG,MF,Leicester City,eng Premier League,22,1998,23.4,0.04,0.9,0.13,14.3,0.9,0.13,0.05,0.33,21.6,0.04,0,0,0.05,0.05,0.06,-0.01,-0.01
Federico Di Francesco,it ITA,FWMF,Empoli,it Serie A,27,1994,15.2,0.33,1.71,0.53,30.8,1.71,0.53,0.19,0.63,18.9,0,0,0,0.15,0.15,0.09,0.18,0.18
Ãngel Di MarÃ­a,ar ARG,FW,Paris S-G,fr Ligue 1,33,1988,18.3,0.27,2.79,1.2,43.1,2.79,1.2,0.1,0.23,19.7,0.05,0,0,0.3,0.3,0.11,-0.02,-0.02
Moussa Diaby,fr FRA,FWMF,Leverkusen,de Bundesliga,22,1999,30.7,0.42,1.73,0.85,49.1,1.73,0.85,0.25,0.5,16.2,0,0,0.03,0.26,0.23,0.14,0.16,0.19
Habib Diallo,sn SEN,FW,Strasbourg,fr Ligue 1,26,1995,17.1,0.64,2.87,1.23,42.9,2.86,1.23,0.18,0.43,13.2,0,0.12,0.12,0.51,0.42,0.15,0.13,0.11
Brahim DÃ­az,es ESP,MF,Milan,it Serie A,21,1999,20.6,0.15,1.46,0.29,20,1.46,0.29,0.1,0.5,17,0,0,0,0.2,0.2,0.14,-0.05,-0.05
JavairÃ´ Dilrosun,nl NED,MFFW,Bordeaux,fr Ligue 1,23,1998,19.2,0.1,2.08,0.52,25,2.08,0.52,0.05,0.2,22.4,0.26,0,0,0.14,0.14,0.07,-0.03,-0.03
Sofiane Diop,fr FRA,MFFW,Monaco,fr Ligue 1,21,2000,21.6,0.28,1.71,0.6,35.1,1.71,0.6,0.16,0.46,17.2,0.09,0,0,0.26,0.26,0.15,0.02,0.02
Kasper Dolberg,dk DEN,FW,Nice,fr Ligue 1,23,1997,16.6,0.36,2.29,0.78,34.2,2.29,0.78,0.11,0.31,16.2,0,0.12,0.12,0.39,0.29,0.13,-0.02,-0.05
NicolÃ¡s DomÃ­nguez,ar ARG,MF,Bologna,it Serie A,23,1998,22.4,0,0.94,0.13,14.3,0.94,0.13,0,0,16.3,0,0,0,0.05,0.05,0.06,-0.05,-0.05
Niklas Dorsch,de GER,MF,Augsburg,de Bundesliga,23,1998,25.8,0.04,0.47,0.04,8.3,0.46,0.04,0.08,1,29.4,0,0,0,0.01,0.01,0.02,0.03,0.03
Jodel Dossou,bj BEN,FW,Clermont Foot,fr Ligue 1,29,1992,22.3,0.13,2.33,0.76,32.7,2.33,0.76,0.06,0.18,17.1,0,0,0,0.22,0.22,0.1,-0.09,-0.09
Abdoulaye DoucourÃ©,ml MLI,MF,Everton,eng Premier League,28,1993,28.2,0.07,1.21,0.39,32.4,1.21,0.39,0.06,0.18,17.9,0,0,0,0.08,0.08,0.06,-0.01,-0.01
Cheick DoucourÃ©,ml MLI,MF,Lens,fr Ligue 1,21,2000,32.7,0.03,0.95,0.34,35.5,0.95,0.34,0.03,0.09,22.9,0,0,0,0.05,0.05,0.05,-0.02,-0.02
Ondrej Duda,sk SVK,MFFW,KÃ¶ln,de Bundesliga,26,1994,17.9,0.11,2.35,0.78,33.3,2.35,0.78,0.05,0.14,19.8,0,0,0,0.22,0.22,0.1,-0.11,-0.11
Alfred Duncan,gh GHA,MF,Fiorentina,it Serie A,28,1993,21.5,0.09,0.51,0.14,27.3,0.51,0.14,0.18,0.67,18.5,0,0,0,0.04,0.04,0.08,0.05,0.05
Hugo Duro,es ESP,FWMF,Valencia,es La Liga,21,1999,20.4,0.34,1.52,0.74,48.4,1.52,0.74,0.23,0.47,11.7,0,0,0,0.17,0.17,0.11,0.17,0.17
Paulo Dybala,ar ARG,FWMF,Juventus,it Serie A,27,1993,22.9,0.44,4.24,1.57,37.1,4.24,1.57,0.09,0.25,23,0.44,0.04,0.09,0.33,0.26,0.06,0.1,0.13
Edin DÅ¾eko,ba BIH,FW,Inter,it Serie A,35,1986,27.4,0.47,3.18,1.35,42.5,3.17,1.35,0.15,0.35,11.2,0,0,0,0.54,0.54,0.17,-0.07,-0.07
Odsonne Ã‰douard,fr FRA,FW,Crystal Palace,eng Premier League,23,1998,17.4,0.34,2.24,0.98,43.6,2.24,0.98,0.13,0.29,13.3,0,0.06,0.06,0.37,0.32,0.14,-0.02,-0.03
Maximilian Eggestein,de GER,MF,Freiburg,de Bundesliga,24,1996,24.4,0.04,0.94,0.25,26.1,0.94,0.25,0.04,0.17,21.8,0,0,0,0.05,0.05,0.05,0,0
Albin Ekdal,se SWE,MF,Sampdoria,it Serie A,32,1989,18.2,0.05,0.77,0.11,14.3,0.77,0.11,0.07,0.5,15.2,0,0,0,0.05,0.05,0.06,0.01,0.01
Caleb Ekuban,gh GHA,FWMF,Genoa,it Serie A,27,1994,19.1,0.05,1.99,0.37,18.4,1.99,0.37,0.03,0.14,14.7,0,0,0,0.18,0.18,0.09,-0.13,-0.13
Alberth Elis,hn HON,FWMF,Bordeaux,fr Ligue 1,25,1996,15.7,0.57,1.91,0.7,36.7,1.92,0.7,0.3,0.82,13.9,0,0,0.06,0.41,0.36,0.19,0.16,0.21
Elif Elmas,mk MKD,FWMF,Napoli,it Serie A,21,1999,18,0.17,1.83,0.61,33.3,1.83,0.61,0.09,0.27,18.3,0,0,0,0.13,0.13,0.07,0.04,0.04
Sepe Elye Wahi,fr FRA,FW,Montpellier,fr Ligue 1,18,2003,19.8,0.51,2.17,1.01,46.5,2.17,1.01,0.23,0.5,12.9,0,0,0,0.39,0.39,0.18,0.11,0.11
Mohamed Elyounoussi,no NOR,MFFW,Southampton,eng Premier League,26,1994,22.7,0.18,1.89,0.75,39.5,1.9,0.75,0.09,0.24,14.7,0,0,0,0.24,0.24,0.14,-0.07,-0.07
Adri Embarba,es ESP,FWMF,Espanyol,es La Liga,29,1992,22.1,0,2.22,0.72,32.7,2.22,0.73,0,0,23.1,0.68,0,0,0.13,0.13,0.06,-0.13,-0.13
Breel Embolo,ch SUI,FW,M'Gladbach,de Bundesliga,24,1997,24.1,0.37,1.99,0.95,47.9,1.99,0.96,0.19,0.39,13.7,0,0,0,0.35,0.35,0.19,-0.02,-0.02
Wataru Endo,jp JPN,MF,Stuttgart,de Bundesliga,28,1993,32.2,0.12,1.4,0.5,35.6,1.4,0.5,0.09,0.25,16.3,0,0,0,0.16,0.15,0.11,-0.03,-0.02
Fabinho,br BRA,MF,Liverpool,eng Premier League,27,1993,25.7,0.19,0.74,0.27,36.8,0.74,0.27,0.16,0.43,19.9,0.08,0.08,0.08,0.15,0.09,0.14,0.04,0.02
Romain Faivre,fr FRA,MF,Brest,fr Ligue 1,23,1998,19.9,0.35,1.61,0.6,37.5,1.6,0.6,0.06,0.17,23.1,0.25,0.25,0.25,0.33,0.13,0.08,0.03,-0.03
Nabil Fekir,fr FRA,MF,Betis,es La Liga,28,1993,31,0.19,2.71,1.03,38.1,2.71,1.03,0.07,0.19,21.4,0.35,0,0,0.15,0.15,0.06,0.04,0.04
Bruno Fernandes,pt POR,MF,Manchester Utd,eng Premier League,26,1994,34.6,0.29,2.51,0.84,33.3,2.52,0.84,0.11,0.34,21.9,0.17,0,0.06,0.28,0.23,0.09,0.01,0.05
Ãlex FernÃ¡ndez,es ESP,MF,CÃ¡diz,es La Liga,28,1992,22.8,0.13,0.83,0.26,31.6,0.83,0.26,0.11,0.33,20.7,0,0.04,0.09,0.13,0.07,0.08,0,0.02
Fernando,br BRA,MFDF,Sevilla,es La Liga,34,1987,20.6,0.05,0.29,0.05,16.7,0.29,0.05,0.17,1,18.5,0,0,0,0.05,0.05,0.17,0,0
Jordan Ferri,fr FRA,MF,Montpellier,fr Ligue 1,29,1992,32.3,0,0.43,0.06,14.3,0.43,0.06,0,0,25.8,0,0,0,0.01,0.01,0.02,-0.01,-0.01
Fidel,es ESP,MF,Elche,es La Liga,31,1989,25.1,0.2,0.68,0.28,41.2,0.68,0.28,0.24,0.57,15.8,0.04,0.04,0.04,0.11,0.08,0.12,0.09,0.08
Phil Foden,eng ENG,FW,Manchester City,eng Premier League,21,2000,23.6,0.38,2.42,0.93,38.6,2.41,0.93,0.16,0.41,14.5,0,0,0,0.4,0.4,0.17,-0.02,-0.02
Seko Fofana,ci CIV,MF,Lens,fr Ligue 1,26,1995,37.3,0.21,2.6,0.86,33,2.6,0.86,0.08,0.25,21,0,0,0,0.17,0.17,0.07,0.04,0.04
Youssouf Fofana,fr FRA,MF,Monaco,fr Ligue 1,22,1999,24.3,0,1.23,0.25,20,1.23,0.25,0,0,26.4,0.08,0,0,0.05,0.05,0.04,-0.05,-0.05
Pablo Fornals,es ESP,FWMF,West Ham,eng Premier League,25,1996,31.1,0.19,1.38,0.35,25.6,1.38,0.35,0.14,0.55,18.7,0,0,0,0.15,0.15,0.11,0.05,0.05
Emil Forsberg,se SWE,MF,RB Leipzig,de Bundesliga,29,1991,19,0.32,2,0.58,28.9,2,0.58,0.05,0.18,19,0.11,0.21,0.21,0.42,0.25,0.13,-0.11,-0.15
Adam Forshaw,eng ENG,MF,Leeds United,eng Premier League,29,1991,17,0,0.82,0.24,28.6,0.82,0.24,0,0,25,0.06,0,0,0.03,0.03,0.03,-0.03,-0.03
Ryan Fraser,sct SCO,FWMF,Newcastle Utd,eng Premier League,27,1994,16.3,0.12,1.47,0.43,29.2,1.47,0.43,0.08,0.29,18,0,0,0,0.17,0.17,0.11,-0.04,-0.04
Davide Frattesi,it ITA,MF,Sassuolo,it Serie A,21,1999,31.7,0.13,2.11,0.63,29.9,2.11,0.63,0.06,0.2,17.3,0,0,0,0.19,0.19,0.09,-0.06,-0.06
Fred,br BRA,MF,Manchester Utd,eng Premier League,28,1993,22.5,0.18,0.67,0.4,60,0.67,0.4,0.27,0.44,21.3,0,0,0,0.06,0.06,0.08,0.12,0.12
Remo Freuler,ch SUI,MF,Atalanta,it Serie A,29,1992,26.3,0.04,0.76,0.23,30,0.76,0.23,0.05,0.17,21.4,0,0,0,0.05,0.05,0.07,-0.02,-0.02
Jorge de Frutos,es ESP,MFFW,Levante,es La Liga,24,1997,19.6,0.2,2.35,1.02,43.5,2.35,1.02,0.09,0.2,15.9,0,0,0,0.25,0.25,0.11,-0.05,-0.05
Chris FÃ¼hrich,de GER,FWMF,Stuttgart,de Bundesliga,23,1998,19,0.16,1.58,0.63,40,1.58,0.63,0.1,0.25,19.6,0,0,0,0.17,0.17,0.11,-0.01,-0.01
Angelo Fulgini,fr FRA,MFFW,Angers,fr Ligue 1,24,1996,32.5,0.15,1.78,0.52,29.3,1.78,0.52,0.09,0.29,16.5,0.09,0,0,0.18,0.18,0.1,-0.02,-0.02
IÃ±igo Ruiz de Galarreta,es ESP,MF,Mallorca,es La Liga,27,1993,15.3,0,0.52,0.2,37.5,0.52,0.2,0,0,22.6,0,0,0,0.03,0.03,0.05,-0.03,-0.03
Conor Gallagher,eng ENG,MF,Crystal Palace,eng Premier League,21,2000,31.6,0.25,1.65,0.7,42.3,1.64,0.7,0.15,0.36,17.5,0.13,0,0,0.2,0.2,0.12,0.05,0.05
KÃ©vin Gameiro,fr FRA,FW,Strasbourg,fr Ligue 1,34,1987,26.5,0.42,2.45,0.94,38.5,2.45,0.94,0.15,0.4,14.2,0,0.04,0.11,0.5,0.41,0.17,-0.09,-0.03
Idrissa Gana Gueye,sn SEN,MF,Paris S-G,fr Ligue 1,31,1989,18.2,0.16,1.32,0.38,29.2,1.32,0.38,0.13,0.43,23.6,0,0,0,0.08,0.08,0.06,0.09,0.09
Ãlvaro GarcÃ­a,es ESP,FWMF,Rayo Vallecano,es La Liga,28,1992,33.3,0.21,2.04,0.69,33.8,2.04,0.69,0.1,0.3,17,0,0,0,0.16,0.16,0.08,0.05,0.05
Dani GarcÃ­a,es ESP,MF,Athletic Club,es La Liga,31,1990,24.2,0,0.5,0.08,16.7,0.5,0.08,0,0,20.6,0,0,0,0.02,0.02,0.05,-0.02,-0.02
RaÃºl GarcÃ­a,es ESP,FW,Athletic Club,es La Liga,35,1986,20,0.3,2.15,0.6,27.9,2.15,0.6,0.14,0.5,17,0,0,0.05,0.3,0.27,0.12,-0.01,0.03
RubÃ©n GarcÃ­a,es ESP,MFFW,Osasuna,es La Liga,28,1993,26.4,0.04,1.17,0.38,32.3,1.17,0.38,0.03,0.1,22.7,0.15,0,0.08,0.12,0.06,0.05,-0.08,-0.02
Johan Gastien,fr FRA,MF,Clermont Foot,fr Ligue 1,33,1988,30.5,0,0.79,0.23,29.2,0.79,0.23,0,0,23.5,0.03,0,0,0.03,0.03,0.03,-0.03,-0.03
Gavi,es ESP,MFFW,Barcelona,es La Liga,16,2004,25.7,0.08,1.17,0.31,26.7,1.17,0.31,0.07,0.25,15.3,0,0,0,0.14,0.14,0.12,-0.06,-0.06
Dennis Geiger,de GER,MF,Hoffenheim,de Bundesliga,23,1998,15.3,0.13,0.92,0.13,14.3,0.92,0.13,0.14,1,20.4,0,0,0,0.06,0.06,0.07,0.07,0.07
Yannick Gerhardt,de GER,MFDF,Wolfsburg,de Bundesliga,27,1994,17.5,0.06,0.8,0.17,21.4,0.8,0.17,0.07,0.33,15.6,0,0,0,0.13,0.13,0.16,-0.07,-0.07
ValÃ¨re Germain,fr FRA,FW,Montpellier,fr Ligue 1,31,1990,21.9,0.18,1.46,0.73,50,1.46,0.73,0.13,0.25,12.5,0,0,0,0.2,0.2,0.14,-0.02,-0.02
Gerson,br BRA,MFFW,Marseille,fr Ligue 1,24,1997,28.3,0.32,1.59,0.64,40,1.59,0.64,0.2,0.5,17.2,0,0,0,0.17,0.17,0.11,0.14,0.14
Billy Gilmour,sct SCO,MF,Norwich City,eng Premier League,20,2001,20.6,0,0.87,0.15,16.7,0.87,0.15,0,0,23.3,0.1,0,0,0.04,0.04,0.05,-0.04,-0.04
Olivier Giroud,fr FRA,FW,Milan,it Serie A,34,1986,21,0.52,2.9,1.05,36.1,2.9,1.05,0.15,0.41,11.9,0.1,0.1,0.1,0.47,0.4,0.14,0.06,0.03
Serge Gnabry,de GER,FWDF,Bayern Munich,de Bundesliga,26,1995,24.3,0.58,2.8,1.07,38.2,2.8,1.07,0.21,0.54,16.3,0,0,0,0.35,0.35,0.13,0.23,0.23
Aleksandr Golovin,ru RUS,FWMF,Monaco,fr Ligue 1,25,1996,16.7,0.18,1.38,0.42,30.4,1.38,0.42,0.13,0.43,19.8,0.06,0,0,0.16,0.16,0.12,0.02,0.02
Maxi GÃ³mez,uy URU,FW,Valencia,es La Liga,24,1996,21.7,0.23,1.98,0.6,30.2,1.98,0.6,0.12,0.38,18.1,0.28,0,0,0.22,0.22,0.11,0.01,0.01
Papu GÃ³mez,ar ARG,FWMF,Sevilla,es La Liga,33,1988,19.8,0.25,1.72,0.61,35.3,1.72,0.61,0.15,0.42,22.3,0,0,0,0.1,0.1,0.06,0.15,0.15
Maxime Gonalons,fr FRA,MF,Granada,es La Liga,32,1989,17.2,0,0.64,0.12,18.2,0.64,0.12,0,0,25.3,0,0,0,0.02,0.02,0.03,-0.02,-0.02
NicolÃ¡s GonzÃ¡lez,ar ARG,FW,Fiorentina,it Serie A,23,1998,26.2,0.27,2.63,0.73,27.5,2.63,0.73,0.06,0.21,16.3,0,0.11,0.11,0.39,0.29,0.11,-0.12,-0.14
Anthony Gordon,eng ENG,MFFW,Everton,eng Premier League,20,2001,25.4,0.16,1.73,0.71,40.9,1.73,0.71,0.09,0.22,18.8,0.2,0,0,0.14,0.14,0.08,0.02,0.02
Leon Goretzka,de GER,MF,Bayern Munich,de Bundesliga,26,1995,15.5,0.19,2.9,0.77,26.7,2.9,0.77,0.07,0.25,17.7,0,0,0,0.26,0.26,0.09,-0.07,-0.07
Amine Gouiri,fr FRA,FWMF,Nice,fr Ligue 1,21,2000,30.6,0.33,2.32,1.08,46.5,2.32,1.08,0.1,0.21,18.2,0.07,0.1,0.16,0.39,0.26,0.11,-0.06,-0.03
Lucas Gourna-Douath,fr FRA,MF,Saint-Ã‰tienne,fr Ligue 1,17,2003,20,0.05,0.6,0.1,16.7,0.6,0.1,0.08,0.5,17.2,0,0,0,0.07,0.07,0.11,-0.01,-0.01
Alberto Grassi,it ITA,MF,Cagliari,it Serie A,26,1995,24.2,0,0.99,0.08,8.3,0.99,0.08,0,0,19.8,0,0,0,0.05,0.05,0.05,-0.05,-0.05
Demarai Gray,eng ENG,MFFW,Everton,eng Premier League,25,1996,26,0.19,2.5,0.65,26.2,2.5,0.65,0.08,0.29,20.5,0.15,0,0,0.15,0.15,0.06,0.04,0.04
Jack Grealish,eng ENG,FW,Manchester City,eng Premier League,25,1995,21.3,0.14,2.11,0.75,35.6,2.12,0.75,0.07,0.19,14.6,0,0,0,0.25,0.25,0.12,-0.11,-0.11
Michael Gregoritsch,at AUT,FWMF,Augsburg,de Bundesliga,27,1994,15.5,0.58,2.65,1.1,41.5,2.65,1.1,0.2,0.47,16.5,0.26,0.06,0.06,0.33,0.28,0.11,0.25,0.23
Antoine Griezmann,fr FRA,FWMF,AtlÃ©tico Madrid,es La Liga,30,1991,18.8,0.16,2.29,0.74,32.6,2.28,0.74,0.07,0.21,16.3,0.16,0,0,0.27,0.27,0.12,-0.11,-0.11
Vincenzo Grifo,it ITA,MFFW,Freiburg,de Bundesliga,28,1993,30.8,0.29,2.01,0.58,29,2.01,0.58,0.06,0.22,22.7,0.58,0.16,0.19,0.28,0.13,0.06,0.01,0
Pascal GroÃŸ,de GER,MFDF,Brighton,eng Premier League,30,1991,22.6,0.09,1.02,0.31,30.4,1.02,0.31,0.09,0.29,17.5,0.04,0,0.04,0.13,0.09,0.09,-0.04,0
AndrÃ©s Guardado,mx MEX,MF,Betis,es La Liga,34,1986,15.5,0,0.97,0.19,20,0.97,0.19,0,0,24.5,0,0,0,0.06,0.06,0.06,-0.06,-0.06
Sergi Guardiola,es ESP,FW,Rayo Vallecano,es La Liga,30,1991,19,0.42,2.63,0.84,32,2.63,0.84,0.14,0.44,14.5,0,0.05,0.05,0.37,0.33,0.13,0.05,0.04
GonÃ§alo Guedes,pt POR,FWMF,Valencia,es La Liga,24,1996,29,0.38,2.31,0.83,35.8,2.31,0.83,0.15,0.42,21.9,0.1,0.03,0.07,0.22,0.16,0.07,0.16,0.18
MattÃ©o Guendouzi,fr FRA,MF,Marseille,fr Ligue 1,22,1999,35,0.11,1.43,0.51,36,1.43,0.51,0.08,0.22,18.1,0,0,0,0.1,0.1,0.07,0.01,0.01
Pape Gueye,sn SEN,MF,Marseille,fr Ligue 1,22,1999,17,0,1.76,0.24,13.3,1.77,0.24,0,0,22.8,0,0,0,0.1,0.1,0.06,-0.1,-0.1
Hugo GuillamÃ³n,es ESP,MFDF,Valencia,es La Liga,21,2000,26.2,0.04,0.27,0.08,28.6,0.27,0.08,0.14,0.5,18.2,0,0,0,0.02,0.02,0.06,0.02,0.02
Bruno GuimarÃ£es,br BRA,MF,Lyon,fr Ligue 1,23,1997,18.2,0,0.6,0.11,18.2,0.61,0.11,0,0,24.2,0.05,0,0,0.05,0.05,0.09,-0.05,-0.05
Gerard Gumbau,es ESP,MF,Elche,es La Liga,26,1994,21,0,1,0.14,14.3,1,0.14,0,0,29.1,0.14,0,0,0.03,0.03,0.04,-0.03,-0.03
Ä°lkay GÃ¼ndoÄŸan,de GER,MF,Manchester City,eng Premier League,30,1990,20.6,0.39,2.67,0.87,32.7,2.67,0.87,0.15,0.44,14.5,0.1,0,0,0.44,0.44,0.16,-0.05,-0.05
RaÃºl Guti,es ESP,MF,Elche,es La Liga,24,1996,18.1,0,0.99,0.28,27.8,1,0.28,0,0,22.9,0,0,0,0.07,0.07,0.07,-0.07,-0.07
Emmanuel Gyasi,gh GHA,FWMF,Spezia,it Serie A,27,1994,33.7,0.18,1.13,0.39,34.2,1.13,0.39,0.16,0.46,15,0,0,0,0.17,0.17,0.15,0.01,0.01
Erling Haaland,no NOR,FW,Dortmund,de Bundesliga,21,2000,21.2,1.04,3.49,1.46,41.9,3.49,1.46,0.22,0.52,13.9,0,0.28,0.28,0.84,0.62,0.18,0.19,0.13
Robin Hack,de GER,FWMF,Arminia,de Bundesliga,22,1998,15.2,0,2.04,0.39,19.4,2.05,0.4,0,0,21.5,0.13,0,0,0.13,0.13,0.06,-0.13,-0.13
AndrÃ© Hahn,de GER,MFFW,Augsburg,de Bundesliga,30,1990,23.3,0.21,1.93,0.86,44.4,1.93,0.86,0.11,0.25,16.9,0,0,0,0.12,0.12,0.06,0.09,0.09
Genki Haraguchi,jp JPN,MF,Union Berlin,de Bundesliga,30,1991,19.5,0.1,1.49,0.31,20.7,1.49,0.31,0.07,0.33,20.9,0,0,0,0.11,0.11,0.07,-0.01,-0.01
Jack Harrison,eng ENG,FWMF,Leeds United,eng Premier League,24,1996,29.3,0.27,1.47,0.58,39.5,1.47,0.58,0.19,0.47,17.2,0,0,0,0.15,0.15,0.1,0.12,0.12
Kai Havertz,de GER,FWMF,Chelsea,eng Premier League,22,1999,20.1,0.4,2.79,1.14,41.1,2.79,1.14,0.14,0.35,13,0,0,0,0.43,0.43,0.16,-0.03,-0.03
Hwang Hee-chan,kr KOR,FWMF,Wolves,eng Premier League,25,1996,20.2,0.25,1.34,0.59,44.4,1.34,0.59,0.19,0.42,15.4,0,0,0,0.22,0.22,0.16,0.03,0.03
Jordan Henderson,eng ENG,MF,Liverpool,eng Premier League,31,1990,28.9,0.07,1.07,0.21,19.4,1.07,0.21,0.06,0.33,24.5,0.03,0,0,0.05,0.05,0.05,0.02,0.02
Liam Henderson,sct SCO,MF,Empoli,it Serie A,25,1996,22.4,0.09,1.88,0.67,35.7,1.87,0.67,0.05,0.13,21.1,0.09,0,0,0.11,0.11,0.06,-0.02,-0.02
Thomas Henry,fr FRA,FW,Venezia,it Serie A,26,1994,23.5,0.38,2.17,1.02,47.1,2.17,1.02,0.18,0.38,13.3,0,0,0,0.29,0.29,0.13,0.09,0.09
Yangel Herrera,ve VEN,MF,Espanyol,es La Liga,23,1998,18.3,0.05,0.82,0.11,13.3,0.82,0.11,0.07,0.5,19.8,0,0,0,0.06,0.06,0.07,-0.01,-0.01
Son Heung-min,kr KOR,MFFW,Tottenham,eng Premier League,29,1992,33.4,0.69,2.57,1.44,55.8,2.57,1.44,0.27,0.48,15.7,0.06,0,0,0.48,0.48,0.19,0.21,0.21
Nicolas HÃ¶fler,de GER,MF,Freiburg,de Bundesliga,31,1990,28.9,0.07,1.14,0.38,33.3,1.14,0.38,0.06,0.18,15.9,0,0,0,0.07,0.07,0.06,0,0
Jonas Hofmann,de GER,MFFW,M'Gladbach,de Bundesliga,29,1992,23.1,0.52,2.34,0.95,40.7,2.34,0.95,0.22,0.55,16.3,0.17,0,0,0.35,0.35,0.15,0.17,0.17
Lucas HÃ¶ler,de GER,FW,Freiburg,de Bundesliga,27,1994,28.7,0.24,2.09,0.91,43.3,2.09,0.91,0.12,0.27,14.1,0,0,0,0.32,0.32,0.16,-0.07,-0.07
Gerrit Holtmann,ph PHI,FWMF,Bochum,de Bundesliga,26,1995,20.4,0.25,2.25,0.88,39.1,2.25,0.88,0.11,0.28,21,0,0,0,0.18,0.18,0.09,0.06,0.06
Franck Honorat,fr FRA,FWMF,Brest,fr Ligue 1,24,1996,32.2,0.34,1.86,0.93,50,1.86,0.93,0.18,0.37,20.5,0.03,0,0,0.13,0.13,0.07,0.21,0.21
Branimir Hrgota,se SWE,FW,Greuther FÃ¼rth,de Bundesliga,28,1993,30.9,0.29,1.94,0.65,33.3,1.94,0.65,0.07,0.2,20.3,0.19,0.16,0.16,0.29,0.17,0.09,0,-0.04
Pierre HÃ¸jbjerg,dk DEN,MF,Tottenham,eng Premier League,25,1995,35.5,0.06,0.87,0.28,32.3,0.87,0.28,0.06,0.2,22.2,0.03,0,0,0.05,0.05,0.06,0,0
Borja Iglesias,es ESP,FW,Betis,es La Liga,28,1993,17.5,0.57,2,0.91,45.7,2,0.92,0.2,0.44,16.2,0,0.17,0.17,0.44,0.3,0.15,0.13,0.1
Ivan IliÄ‡,rs SRB,MF,Hellas Verona,it Serie A,20,2001,28.1,0.04,0.78,0.18,22.7,0.78,0.18,0.05,0.2,19.3,0.07,0,0,0.09,0.09,0.11,-0.05,-0.05
Ciro Immobile,it ITA,FW,Lazio,it Serie A,31,1990,30.1,0.9,3.62,1.66,45.9,3.62,1.66,0.18,0.4,15.4,0,0.23,0.3,0.71,0.48,0.13,0.18,0.19
Danny Ings,eng ENG,FW,Aston Villa,eng Premier League,29,1992,21.1,0.33,2.27,0.81,35.4,2.28,0.81,0.13,0.35,13.6,0,0.05,0.05,0.34,0.3,0.13,0,-0.01
Lorenzo Insigne,it ITA,FW,Napoli,it Serie A,30,1991,25.4,0.43,3.19,0.94,29.6,3.18,0.94,0.02,0.08,22.8,0.47,0.35,0.51,0.6,0.19,0.06,-0.17,-0.11
Alexander Isak,se SWE,FW,Real Sociedad,es La Liga,21,1999,23.8,0.25,2.98,1.39,46.5,2.99,1.39,0.06,0.12,15.7,0.13,0.08,0.08,0.41,0.34,0.12,-0.16,-0.18
Alex Iwobi,ng NGA,MFDF,Everton,eng Premier League,25,1996,22.6,0.09,1.06,0.27,25,1.06,0.27,0.08,0.33,16.4,0,0,0,0.1,0.1,0.1,-0.01,-0.01
Lee Jae-sung,kr KOR,MFFW,Mainz 05,de Bundesliga,28,1992,16,0.25,1.63,0.63,38.5,1.63,0.63,0.15,0.4,16.7,0,0,0,0.2,0.2,0.12,0.05,0.05
Kristijan JakiÄ‡,hr CRO,MF,Eint Frankfurt,de Bundesliga,24,1997,20.9,0.05,1.44,0.33,23.3,1.44,0.34,0.03,0.14,19,0,0,0,0.08,0.08,0.06,-0.03,-0.03
Daniel James,wls WAL,FWMF,Leeds United,eng Premier League,23,1997,26.3,0.15,1.9,0.57,30,1.9,0.57,0.08,0.27,15.3,0,0,0,0.23,0.23,0.12,-0.08,-0.08
Vitaly Janelt,de GER,MF,Brentford,eng Premier League,23,1998,25.5,0.16,1.18,0.47,40,1.17,0.47,0.13,0.33,18.4,0,0,0,0.09,0.09,0.08,0.06,0.06
Adnan Januzaj,be BEL,FWMF,Real Sociedad,es La Liga,26,1995,18.1,0.17,2.21,0.72,32.5,2.22,0.72,0.03,0.08,23.1,0.5,0.11,0.11,0.23,0.14,0.06,-0.06,-0.08
Luis Javier SuÃ¡rez,co COL,FW,Granada,es La Liga,23,1997,31.6,0.25,2.69,0.79,29.4,2.69,0.79,0.09,0.32,17.1,0.03,0,0.03,0.31,0.29,0.11,-0.06,-0.03
Mathias Jensen,dk DEN,MF,Brentford,eng Premier League,25,1996,17.8,0,1.07,0.28,26.3,1.07,0.28,0,0,21,0,0,0,0.16,0.16,0.16,-0.16,-0.16
Gabriel Jesus,br BRA,FW,Manchester City,eng Premier League,24,1997,20.9,0.38,3.01,0.96,31.7,3.02,0.96,0.11,0.35,13.8,0,0.05,0.05,0.47,0.43,0.14,-0.09,-0.1
RaÃºl JimÃ©nez,mx MEX,FW,Wolves,eng Premier League,30,1991,29.2,0.21,1.92,0.51,26.8,1.92,0.51,0.09,0.33,16.9,0.03,0.03,0.03,0.21,0.18,0.1,0,-0.01
JoÃ£o Pedro,br BRA,FWMF,Watford,eng Premier League,19,2001,18.3,0.16,2.57,0.87,34,2.57,0.88,0.06,0.19,16.3,0.05,0,0,0.2,0.2,0.08,-0.03,-0.03
Joelinton,br BRA,MFFW,Newcastle Utd,eng Premier League,24,1996,28.4,0.14,1.58,0.49,31.1,1.58,0.49,0.09,0.29,17.6,0,0,0,0.12,0.12,0.07,0.02,0.02
Dennis Johnsen,no NOR,FWMF,Venezia,it Serie A,23,1998,16.1,0.06,0.87,0.31,35.7,0.87,0.31,0.07,0.2,16.5,0,0,0,0.14,0.14,0.16,-0.08,-0.08
Frenkie de Jong,nl NED,MF,Barcelona,es La Liga,24,1997,27.5,0.11,0.62,0.25,41.2,0.62,0.25,0.18,0.43,14.4,0,0,0,0.17,0.17,0.28,-0.07,-0.07
Joan JordÃ¡n,es ESP,MF,Sevilla,es La Liga,27,1994,27.9,0,0.57,0.04,6.3,0.57,0.04,0,0,21.5,0.04,0,0,0.03,0.03,0.05,-0.03,-0.03
Jorginho,it ITA,MF,Chelsea,eng Premier League,29,1991,25.3,0.24,0.36,0.08,22.2,0.36,0.08,0,0,32.6,0,0.24,0.28,0.23,0.01,0.04,0.01,-0.01
Willian JosÃ©,br BRA,FW,Betis,es La Liga,29,1991,17.8,0.45,1.8,0.51,28.1,1.8,0.5,0.16,0.56,19.2,0.17,0.17,0.17,0.34,0.21,0.12,0.11,0.07
Joselu,es ESP,FW,AlavÃ©s,es La Liga,31,1990,34.7,0.4,2.59,0.95,36.7,2.59,0.95,0.09,0.24,18.6,0.14,0.17,0.2,0.37,0.21,0.08,0.03,0.02
Diogo Jota,pt POR,FW,Liverpool,eng Premier League,24,1996,26.3,0.57,3.42,1.22,35.6,3.43,1.22,0.17,0.47,12.3,0,0,0,0.62,0.62,0.19,-0.05,-0.05
Juanmi,es ESP,FW,Betis,es La Liga,28,1993,23.7,0.68,2.32,1.27,54.5,2.32,1.27,0.29,0.53,14.2,0,0,0,0.47,0.47,0.2,0.21,0.21
Hamed Junior TraorÃ¨,ci CIV,FWMF,Sassuolo,it Serie A,21,2000,19.7,0.36,2.59,1.12,43.1,2.59,1.12,0.14,0.32,16.4,0,0,0,0.29,0.29,0.11,0.07,0.07
Vinicius JÃºnior,br BRA,FW,Real Madrid,es La Liga,21,2000,29.9,0.57,2.68,1.4,52.5,2.68,1.41,0.21,0.4,15.2,0,0,0,0.41,0.41,0.15,0.16,0.16
Florian Kainz,at AUT,MFFW,KÃ¶ln,de Bundesliga,28,1992,25.8,0.16,1.47,0.5,34.2,1.47,0.5,0.11,0.31,20.1,0.19,0,0,0.14,0.14,0.09,0.02,0.02
GaÃ«l Kakuta,cd COD,MFFW,Lens,fr Ligue 1,30,1991,18.6,0.16,2.15,0.75,35,2.15,0.75,0.05,0.14,23.6,0.11,0.05,0.05,0.19,0.15,0.07,-0.03,-0.04
Arnaud Kalimuendo,fr FRA,FW,Lens,fr Ligue 1,19,2002,23.9,0.5,2.51,1.21,48.3,2.51,1.22,0.17,0.34,17.1,0,0.08,0.08,0.37,0.31,0.12,0.13,0.11
Daichi Kamada,jp JPN,MF,Eint Frankfurt,de Bundesliga,24,1996,23.8,0.17,1.51,0.34,22.2,1.51,0.34,0.11,0.5,16.5,0,0,0,0.19,0.19,0.13,-0.03,-0.03
Boubacar Kamara,fr FRA,MFDF,Marseille,fr Ligue 1,21,1999,30.9,0.03,0.71,0.1,13.6,0.71,0.1,0.05,0.33,20.5,0,0,0,0.03,0.03,0.05,0,0
Kevin Kampl,si SVN,MF,RB Leipzig,de Bundesliga,30,1990,21.1,0,0.38,0.09,25,0.38,0.09,0,0,21.3,0,0,0,0.02,0.02,0.05,-0.02,-0.02
Harry Kane,eng ENG,FW,Tottenham,eng Premier League,28,1993,35.9,0.47,3.59,1.36,38,3.59,1.36,0.1,0.27,17.3,0.22,0.11,0.11,0.52,0.43,0.12,-0.04,-0.07
Lee Kangin,kr KOR,MFFW,Mallorca,es La Liga,20,2001,15.7,0.06,2.29,0.96,41.7,2.3,0.96,0.03,0.07,25.5,0.51,0,0,0.1,0.1,0.04,-0.03,-0.03
N'Golo KantÃ©,fr FRA,MF,Chelsea,eng Premier League,30,1991,19.7,0.1,0.86,0.46,52.9,0.86,0.46,0.12,0.22,19.6,0,0,0,0.08,0.08,0.09,0.03,0.03
Atakan Karazor,de GER,MF,Stuttgart,de Bundesliga,24,1996,21.1,0,0.43,0.09,22.2,0.43,0.09,0,0,26.6,0,0,0,0.01,0.01,0.03,-0.01,-0.01
Grigoris Kastanos,cy CYP,MFFW,Salernitana,it Serie A,23,1998,15,0.07,1.87,0.53,28.6,1.87,0.53,0.04,0.13,22.7,0.2,0,0,0.08,0.08,0.04,-0.01,-0.01
Ilan Kebbal,dz ALG,MFFW,Reims,fr Ligue 1,23,1998,19.7,0.05,1.37,0.3,22.2,1.37,0.3,0.04,0.17,19.7,0,0,0,0.07,0.07,0.05,-0.02,-0.02
Franck KessiÃ©,ci CIV,MF,Milan,it Serie A,24,1996,25.6,0.23,1.21,0.31,25.8,1.21,0.31,0.13,0.5,19.2,0,0.08,0.12,0.17,0.08,0.07,0.06,0.08
Wahbi Khazri,tn TUN,FWMF,Saint-Ã‰tienne,fr Ligue 1,30,1991,24.7,0.4,2.79,0.73,26.1,2.79,0.73,0.09,0.33,23.6,0.36,0.16,0.16,0.31,0.19,0.07,0.09,0.06
Rani Khedira,de GER,MF,Union Berlin,de Bundesliga,27,1994,30.6,0,0.42,0.07,15.4,0.42,0.07,0,0,18.8,0,0,0,0.03,0.03,0.08,-0.03,-0.03
Kike,es ESP,FW,Osasuna,es La Liga,31,1989,20.7,0.24,2.51,0.92,36.5,2.51,0.92,0.08,0.21,15.8,0,0.05,0.05,0.32,0.29,0.11,-0.08,-0.09
Joshua Kimmich,de GER,MF,Bayern Munich,de Bundesliga,26,1995,27.5,0.11,0.98,0.33,33.3,0.98,0.33,0.11,0.33,24.7,0,0,0,0.08,0.08,0.09,0.03,0.03
Joshua King,no NOR,FW,Watford,eng Premier League,29,1992,25,0.2,1.96,0.64,32.7,1.96,0.64,0.08,0.25,15.2,0,0.04,0.04,0.36,0.32,0.17,-0.16,-0.16
Jakub Kiwior,pl POL,MF,Spezia,it Serie A,21,2000,21.8,0,0.37,0.18,50,0.37,0.18,0,0,14.4,0,0,0,0.02,0.02,0.05,-0.02,-0.02
Mateusz Klich,pl POL,MF,Leeds United,eng Premier League,31,1990,23,0.04,1.83,0.78,42.9,1.82,0.78,0.02,0.06,21.4,0,0,0,0.12,0.12,0.07,-0.08,-0.08
Fabian Klos,de GER,FW,Arminia,de Bundesliga,33,1987,15.8,0.19,2.34,0.82,35.1,2.35,0.82,0.03,0.08,16.8,0,0.13,0.13,0.29,0.19,0.08,-0.1,-0.13
Justin Kluivert,nl NED,MF,Nice,fr Ligue 1,22,1999,20.8,0.19,1.44,0.48,33.3,1.45,0.48,0.13,0.4,18.6,0.1,0,0,0.13,0.13,0.09,0.06,0.06
Robin Koch,de GER,MFDF,Leeds United,eng Premier League,25,1996,17.5,0,0.74,0.06,7.7,0.74,0.06,0,0,16.1,0,0,0,0.05,0.05,0.06,-0.05,-0.05
Dominik Kohr,de GER,MF,Mainz 05,de Bundesliga,27,1994,17.9,0,1.01,0.11,11.1,1,0.11,0,0,20.6,0,0,0,0.07,0.07,0.07,-0.07,-0.07
Koke,es ESP,MF,AtlÃ©tico Madrid,es La Liga,29,1992,27.9,0.04,0.43,0.22,50,0.43,0.22,0.08,0.17,26.2,0,0,0,0.04,0.04,0.08,0,0
Randal Kolo Muani,fr FRA,FWMF,Nantes,fr Ligue 1,22,1998,32.8,0.37,1.65,0.79,48.1,1.65,0.79,0.22,0.46,11.7,0,0,0,0.33,0.33,0.2,0.04,0.04
Geoffrey Kondogbia,cf CTA,MFDF,AtlÃ©tico Madrid,es La Liga,28,1993,20.9,0.05,0.72,0.05,6.7,0.72,0.05,0.07,1,25.4,0,0,0,0.02,0.02,0.02,0.03,0.03
Kouadio KonÃ©,fr FRA,MF,M'Gladbach,de Bundesliga,20,2001,24.3,0.08,1.19,0.41,34.5,1.2,0.41,0.07,0.2,22.2,0,0,0,0.06,0.06,0.05,0.02,0.02
Teun Koopmeiners,nl NED,MF,Atalanta,it Serie A,23,1998,23.6,0.17,1.19,0.38,32.1,1.19,0.38,0.14,0.44,23.9,0.13,0,0,0.07,0.07,0.06,0.1,0.1
Rominigue KouamÃ©,ml MLI,MF,Troyes,fr Ligue 1,24,1996,33,0.03,1.12,0.33,29.7,1.12,0.33,0.03,0.09,22.7,0.03,0,0,0.07,0.07,0.06,-0.04,-0.04
Cheikhou KouyatÃ©,sn SEN,MF,Crystal Palace,eng Premier League,31,1989,21.9,0,0.32,0,0,0.32,0,0,,21.6,0,0,0,0.02,0.02,0.08,-0.02,-0.02
Mateo KovaÄiÄ‡,hr CRO,MF,Chelsea,eng Premier League,27,1994,17.3,0.12,1.27,0.35,27.3,1.27,0.35,0.09,0.33,20.3,0.06,0,0,0.09,0.09,0.07,0.02,0.02
Andrej KramariÄ‡,hr CRO,FWMF,Hoffenheim,de Bundesliga,30,1991,30.1,0.2,3.09,1.16,37.6,3.09,1.16,0.06,0.17,15.8,0.2,0,0,0.42,0.42,0.14,-0.22,-0.22
Toni Kroos,de GER,MF,Real Madrid,es La Liga,31,1990,23.4,0.04,1.97,0.51,26.1,1.97,0.51,0.02,0.08,24,0.17,0,0,0.09,0.09,0.05,-0.05,-0.05
Rade KruniÄ‡,ba BIH,MFFW,Milan,it Serie A,27,1993,15.7,0,0.64,0.13,20,0.64,0.13,0,0,16.2,0,0,0,0.04,0.04,0.07,-0.04,-0.04
Takefusa Kubo,jp JPN,FWMF,Mallorca,es La Liga,20,2001,17.8,0.06,2.7,0.45,16.7,2.69,0.45,0.02,0.13,20.7,0.11,0,0,0.16,0.16,0.06,-0.1,-0.1
Juraj Kucka,sk SVK,MF,Watford,eng Premier League,34,1987,21.3,0.05,2.16,0.52,23.9,2.16,0.52,0.02,0.09,20.8,0.14,0,0,0.15,0.15,0.07,-0.1,-0.1
GaÃ«tan Laborde,fr FRA,FW,Rennes,fr Ligue 1,27,1994,30.3,0.4,2.77,1.06,38.1,2.77,1.06,0.12,0.31,12.4,0,0.07,0.07,0.49,0.44,0.16,-0.1,-0.11
Alexandre Lacazette,fr FRA,FW,Arsenal,eng Premier League,30,1991,19.8,0.2,2.17,0.61,27.9,2.17,0.61,0.05,0.17,15.4,0.05,0.1,0.15,0.42,0.3,0.14,-0.22,-0.2
Adam Lallana,eng ENG,MF,Brighton,eng Premier League,33,1988,17.3,0,1.1,0.23,21.1,1.1,0.23,0,0,19.8,0,0,0,0.06,0.06,0.06,-0.06,-0.06
Mohamed Lamine Bayo,gn GUI,FW,Clermont Foot,fr Ligue 1,23,1998,26.8,0.52,2.35,0.97,41.3,2.35,0.97,0.19,0.46,13.1,0,0.07,0.11,0.54,0.44,0.19,-0.01,0
Manuel Lanzini,ar ARG,MFFW,West Ham,eng Premier League,28,1993,19.8,0.25,0.66,0.2,30.8,0.66,0.2,0.15,0.5,23.1,0.05,0.15,0.15,0.19,0.07,0.1,0.07,0.04
Armand Lauriente,fr FRA,FWMF,Lorient,fr Ligue 1,22,1998,27.5,0.22,3.05,1.31,42.9,3.05,1.31,0.06,0.14,21,0.8,0.04,0.04,0.27,0.24,0.08,-0.05,-0.06
JÃ©rÃ©my Le Douaron,fr FRA,FWMF,Brest,fr Ligue 1,23,1998,16.1,0.31,2.17,0.99,45.7,2.18,1,0.14,0.31,14.6,0,0,0,0.23,0.23,0.11,0.08,0.08
Enzo Le FÃ©e,fr FRA,MFFW,Lorient,fr Ligue 1,21,2000,24.4,0.08,1.35,0.37,27.3,1.35,0.37,0.06,0.22,23.9,0.2,0,0,0.08,0.08,0.06,0,0
Rafael LeÃ£o,pt POR,FW,Milan,it Serie A,22,1999,28.9,0.38,3.36,1.31,39.2,3.35,1.31,0.11,0.29,19,0,0,0,0.3,0.3,0.09,0.08,0.08
Pierre Lees-Melou,fr FRA,MF,Norwich City,eng Premier League,28,1993,25.2,0.04,1.31,0.36,27.3,1.31,0.36,0.03,0.11,24.5,0,0,0,0.06,0.06,0.05,-0.02,-0.02
Lucas Leiva,br BRA,MF,Lazio,it Serie A,34,1987,18.9,0,0.16,0,0,0.16,0,0,,23.8,0,0,0,0.01,0.01,0.04,-0.01,-0.01
Thomas Lemar,fr FRA,MF,AtlÃ©tico Madrid,es La Liga,25,1995,16,0.25,1.81,0.5,27.6,1.81,0.5,0.14,0.5,18.6,0.06,0,0,0.21,0.21,0.12,0.04,0.04
Mario Lemina,ga GAB,MF,Nice,fr Ligue 1,27,1993,21.9,0.09,0.73,0.18,25,0.73,0.18,0.13,0.5,15.5,0,0,0,0.09,0.09,0.12,0,0
Aaron Lennon,eng ENG,MFFW,Burnley,eng Premier League,34,1987,17.2,0.12,0.7,0.23,33.3,0.7,0.23,0.17,0.5,20.1,0,0,0,0.06,0.06,0.09,0.05,0.05
Robert Lewandowski,pl POL,FW,Bayern Munich,de Bundesliga,32,1988,32.7,1.07,4.77,2.29,48.1,4.77,2.29,0.19,0.4,13.6,0.09,0.15,0.15,1.02,0.9,0.19,0.06,0.02
Jamie Leweling,de GER,FWMF,Greuther FÃ¼rth,de Bundesliga,20,2001,21.8,0.23,2.02,0.78,38.6,2.02,0.78,0.11,0.29,17.6,0,0,0,0.18,0.18,0.09,0.05,0.05
Jesper LindstrÃ¸m,dk DEN,MFFW,Eint Frankfurt,de Bundesliga,21,2000,22,0.23,2.45,0.82,33.3,2.46,0.82,0.09,0.28,17.1,0.14,0,0,0.36,0.36,0.15,-0.14,-0.14
Dejan Ljubicic,at AUT,MFFW,KÃ¶ln,de Bundesliga,23,1997,21.9,0.14,1.32,0.32,24.1,1.33,0.32,0.1,0.43,20.1,0,0,0,0.08,0.08,0.06,0.05,0.05
Marcos Llorente,es ESP,MFDF,AtlÃ©tico Madrid,es La Liga,26,1995,27.2,0,0.59,0.07,12.5,0.59,0.07,0,0,20.9,0,0,0,0.03,0.03,0.04,-0.03,-0.03
Stanislav Lobotka,sk SVK,MF,Napoli,it Serie A,26,1994,18.7,0.05,0.11,0.05,50,0.11,0.05,0.5,1,25.5,0,0,0,0.01,0.01,0.06,0.05,0.05
Manuel Locatelli,it ITA,MF,Juventus,it Serie A,23,1998,24,0.13,0.88,0.13,14.3,0.87,0.12,0.14,1,19,0,0,0,0.09,0.09,0.1,0.03,0.03
Ruben Loftus-Cheek,eng ENG,MFDF,Chelsea,eng Premier League,25,1996,15.5,0,1.23,0.39,31.6,1.23,0.39,0,0,18.6,0,0,0,0.08,0.08,0.06,-0.08,-0.08
Sean Longstaff,eng ENG,MF,Newcastle Utd,eng Premier League,23,1997,16.3,0.06,0.92,0.12,13.3,0.92,0.12,0.07,0.5,26,0.06,0,0,0.04,0.04,0.05,0.02,0.02
Ademola Lookman,ng NGA,FWMF,Leicester City,eng Premier League,23,1997,16.1,0.37,1.61,0.75,46.2,1.61,0.74,0.23,0.5,15,0,0,0,0.28,0.28,0.17,0.09,0.09
Maxime Lopez,fr FRA,MF,Sassuolo,it Serie A,23,1997,32.6,0.06,0.49,0.18,37.5,0.49,0.18,0.13,0.33,22.6,0,0,0,0.05,0.05,0.09,0.02,0.02
Dion Lopy,sn SEN,MF,Reims,fr Ligue 1,19,2002,18.2,0,0.88,0.11,12.5,0.88,0.11,0,0,23.8,0,0,0,0.05,0.05,0.06,-0.05,-0.05
Anthony Losilla,fr FRA,MF,Bochum,de Bundesliga,35,1986,32.6,0.06,1.04,0.28,26.5,1.04,0.28,0.06,0.22,19.3,0,0,0,0.07,0.07,0.06,-0.01,-0.01
Mamadou Loum,sn SEN,MF,AlavÃ©s,es La Liga,24,1996,25.7,0.08,1.28,0.31,24.2,1.28,0.31,0.06,0.25,21.3,0,0,0,0.11,0.11,0.09,-0.04,-0.04
Imran Louza,ma MAR,MF,Watford,eng Premier League,22,1999,15.7,0,1.08,0.25,23.5,1.08,0.25,0,0,27.5,0.38,0,0,0.08,0.08,0.07,-0.08,-0.08
Eduard LÃ¶wen,de GER,MF,Bochum,de Bundesliga,24,1997,15.7,0.13,2.36,0.83,35.1,2.35,0.83,0.03,0.08,24.8,0.57,0.06,0.06,0.18,0.13,0.06,-0.06,-0.07
Anthony Lozano,hn HON,FWMF,CÃ¡diz,es La Liga,28,1993,18.6,0.38,2.63,1.08,40.8,2.64,1.08,0.14,0.35,14.5,0,0,0,0.27,0.27,0.1,0.1,0.11
Hirving Lozano,mx MEX,FW,Napoli,it Serie A,26,1995,17.9,0.28,2.79,1.06,38,2.79,1.06,0.1,0.26,16.9,0,0,0,0.33,0.32,0.11,-0.05,-0.04
Jean Lucas,br BRA,MF,Monaco,fr Ligue 1,23,1998,16.1,0.06,1.61,0.56,34.6,1.62,0.56,0.04,0.11,21,0.06,0,0,0.16,0.16,0.09,-0.09,-0.09
JosÃ© Luis Morales,es ESP,FWMF,Levante,es La Liga,34,1987,30.2,0.43,2.52,1.03,40.8,2.52,1.03,0.13,0.32,18.9,0.07,0.1,0.17,0.47,0.34,0.14,-0.04,-0.01
Douglas Luiz,br BRA,MF,Aston Villa,eng Premier League,23,1998,30.2,0.07,0.76,0.26,34.8,0.76,0.27,0.09,0.25,25.3,0.26,0,0,0.07,0.07,0.09,0,0
Romelu Lukaku,be BEL,FW,Chelsea,eng Premier League,28,1993,17.7,0.45,2.37,0.79,33.3,2.38,0.79,0.17,0.5,13.8,0.06,0.06,0.06,0.37,0.33,0.14,0.08,0.07
SaÅ¡a LukiÄ‡,rs SRB,MF,Torino,it Serie A,24,1996,33.1,0.15,0.88,0.21,24.1,0.88,0.21,0.07,0.29,24.7,0.12,0.09,0.09,0.14,0.07,0.08,0.01,-0.01
Alexis Mac Allister,ar ARG,MFFW,Brighton,eng Premier League,22,1998,23.6,0.21,2.42,0.38,15.8,2.42,0.38,0.05,0.33,22,0.17,0.08,0.13,0.27,0.17,0.07,-0.06,-0.04
Darwin MachÃ­s,ve VEN,MFFW,Granada,es La Liga,28,1993,15.3,0.26,2.42,1.11,45.9,2.42,1.11,0.11,0.24,21.9,0.07,0,0,0.12,0.12,0.05,0.14,0.14
James Maddison,eng ENG,MFFW,Leicester City,eng Premier League,24,1996,27.3,0.44,2.64,1.21,45.8,2.64,1.21,0.17,0.36,20.7,0.48,0,0,0.27,0.27,0.1,0.16,0.16
Giulio Maggiore,it ITA,MF,Spezia,it Serie A,23,1998,31.3,0.06,1.34,0.26,19,1.34,0.26,0.05,0.25,20.9,0,0,0,0.13,0.13,0.09,-0.06,-0.06
Hugo Magnetti,fr FRA,MF,Brest,fr Ligue 1,23,1998,16.3,0,1.04,0.12,11.8,1.05,0.12,0,0,24.4,0,0,0,0.03,0.03,0.03,-0.03,-0.03
Yohann Magnin,fr FRA,MFDF,Clermont Foot,fr Ligue 1,24,1997,19.1,0.05,0.99,0.16,15.8,1,0.16,0.05,0.33,14.7,0,0,0,0.06,0.06,0.06,-0.01,-0.01
Riyad Mahrez,dz ALG,FW,Manchester City,eng Premier League,30,1991,16.6,0.66,3.37,1.08,32.1,3.36,1.08,0.13,0.39,17.9,0.36,0.24,0.3,0.61,0.37,0.11,0.05,0.05
Arne Maier,de GER,MF,Augsburg,de Bundesliga,22,1999,20.7,0.05,0.82,0.39,47.1,0.82,0.39,0.06,0.13,21.1,0.05,0,0,0.07,0.07,0.09,-0.02,-0.02
Lovro Majer,hr CRO,MFFW,Rennes,fr Ligue 1,23,1998,20.4,0.29,2.21,0.88,40,2.21,0.88,0.13,0.33,19.9,0.2,0,0,0.26,0.26,0.12,0.03,0.03
Jean-Victor Makengo,fr FRA,MF,Udinese,it Serie A,23,1998,26.1,0.04,1.23,0.38,31.3,1.23,0.38,0.03,0.1,21.2,0,0,0,0.11,0.11,0.09,-0.08,-0.08
Nemanja MaksimoviÄ‡,rs SRB,MF,Getafe,es La Liga,26,1995,32.6,0.03,0.95,0.15,16.1,0.95,0.15,0.03,0.2,15.9,0,0,0,0.08,0.08,0.08,-0.05,-0.05
Donyell Malen,nl NED,FW,Dortmund,de Bundesliga,22,1999,18.7,0.27,2.51,1.12,44.7,2.51,1.12,0.11,0.24,16.5,0,0,0,0.25,0.25,0.1,0.02,0.02
Ruslan Malinovskyi,ua UKR,MFFW,Atalanta,it Serie A,28,1993,17.7,0.34,3.22,0.96,29.8,3.22,0.96,0.11,0.35,22,0.4,0,0,0.19,0.19,0.06,0.15,0.15
Rey Manaj,al ALB,FW,Spezia,it Serie A,24,1997,19.6,0.26,2.6,0.71,27.5,2.6,0.71,0.06,0.21,18.4,0.31,0.1,0.15,0.38,0.26,0.1,-0.13,-0.11
Sadio ManÃ©,sn SEN,FW,Liverpool,eng Premier League,29,1992,31.3,0.51,3.13,1.18,37.8,3.13,1.18,0.16,0.43,14.2,0,0,0,0.55,0.55,0.18,-0.04,-0.04
Orel Mangala,be BEL,MF,Stuttgart,de Bundesliga,23,1998,20.6,0.05,0.83,0.39,47.1,0.83,0.39,0.06,0.13,16.9,0,0,0,0.1,0.1,0.12,-0.05,-0.05
Thomas Mangani,fr FRA,MF,Angers,fr Ligue 1,34,1987,24.4,0.29,0.49,0.12,25,0.49,0.12,0.08,0.33,27.1,0.08,0.25,0.25,0.23,0.04,0.08,0.05,0
Fernando MarÃ§al,br BRA,MFDF,Wolves,eng Premier League,32,1989,16.1,0,0.68,0.06,9.1,0.68,0.06,0,0,23.3,0,0,0,0.02,0.02,0.03,-0.02,-0.02
RÄƒzvan Marin,ro ROU,MF,Cagliari,it Serie A,25,1996,31.3,0,1.31,0.22,17.1,1.31,0.22,0,0,24.8,0.29,0,0,0.06,0.06,0.04,-0.06,-0.06
Omar Marmoush,eg EGY,FW,Stuttgart,de Bundesliga,22,1999,17.5,0.17,2.74,0.74,27.1,2.75,0.74,0.06,0.23,19.4,0.17,0,0.06,0.29,0.25,0.09,-0.12,-0.07
Roger MartÃ­,es ESP,FW,Levante,es La Liga,30,1991,23.5,0.3,1.96,0.72,37,1.96,0.72,0.13,0.35,17,0,0.04,0.13,0.36,0.26,0.13,-0.06,0
Jonas Martin,fr FRA,MF,Rennes,fr Ligue 1,31,1990,23.4,0.04,0.9,0.17,19,0.9,0.17,0.05,0.25,20.3,0,0,0,0.05,0.05,0.06,-0.01,-0.01
Martinelli,br BRA,FWMF,Arsenal,eng Premier League,20,2001,20.7,0.29,2.46,0.72,29.4,2.47,0.73,0.1,0.33,14.7,0,0.05,0.05,0.35,0.32,0.13,-0.06,-0.08
Lautaro MartÃ­nez,ar ARG,FW,Inter,it Serie A,23,1997,25.4,0.83,4.41,1.85,42,4.42,1.85,0.16,0.38,13.8,0,0.12,0.24,0.82,0.66,0.15,0,0.05
Gelson Martins,pt POR,MFFW,Monaco,fr Ligue 1,26,1995,21.2,0.19,1.42,0.52,36.7,1.42,0.52,0.13,0.36,13.5,0,0,0,0.27,0.27,0.19,-0.08,-0.08
Omar Mascarell,es ESP,MF,Elche,es La Liga,28,1993,27.7,0,0.43,0.04,8.3,0.43,0.04,0,0,24.2,0,0,0,0.02,0.02,0.04,-0.02,-0.02
Pape Matar Sarr,sn SEN,MF,Metz,fr Ligue 1,18,2002,23.7,0.04,1.31,0.34,25.8,1.31,0.34,0.03,0.13,29.2,0.04,0,0,0.09,0.09,0.07,-0.05,-0.05
Nemanja MatiÄ‡,rs SRB,MF,Manchester Utd,eng Premier League,32,1988,15.4,0,0.39,0.06,16.7,0.39,0.07,0,0,23.5,0,0,0,0.01,0.01,0.03,-0.01,-0.01
Azor Matusiwa,nl NED,MF,Reims,fr Ligue 1,23,1998,27.4,0.04,0.36,0.18,50,0.37,0.18,0.1,0.2,23.7,0,0,0,0.01,0.01,0.04,0.02,0.02
Neal Maupay,fr FRA,FW,Brighton,eng Premier League,24,1996,25.3,0.32,2.33,0.55,23.7,2.33,0.55,0.12,0.5,16.8,0,0.04,0.08,0.34,0.28,0.12,-0.03,0
Stephy Mavididi,eng ENG,FWMF,Montpellier,fr Ligue 1,23,1998,25.5,0.31,2.35,0.9,38.3,2.35,0.9,0.13,0.35,17.1,0,0,0,0.3,0.3,0.14,0.02,0.02
Kylian MbappÃ©,fr FRA,FW,Paris S-G,fr Ligue 1,22,1998,33.6,0.83,4.26,1.76,41.3,4.26,1.76,0.17,0.41,16.9,0.09,0.12,0.12,0.71,0.62,0.14,0.13,0.1
Bryan Mbeumo,cm CMR,FW,Brentford,eng Premier League,21,1999,32.3,0.12,2.35,0.59,25,2.35,0.59,0.04,0.16,16.3,0.12,0.03,0.03,0.29,0.26,0.11,-0.16,-0.17
Nathanael Mbuku,fr FRA,FWMF,Reims,fr Ligue 1,19,2002,15.8,0.13,2.09,0.82,39.4,2.09,0.83,0.06,0.15,18.8,0,0,0,0.15,0.15,0.07,-0.03,-0.03
James McArthur,sct SCO,MF,Crystal Palace,eng Premier League,33,1987,16,0,0.56,0.19,33.3,0.56,0.19,0,0,20.9,0,0,0,0.02,0.02,0.03,-0.02,-0.02
John McGinn,sct SCO,MF,Aston Villa,eng Premier League,26,1994,34.3,0.09,1.25,0.47,37.2,1.25,0.47,0.07,0.19,25.1,0,0,0,0.04,0.04,0.04,0.04,0.04
Weston McKennie,us USA,MF,Juventus,it Serie A,22,1998,15.2,0.2,1.51,0.33,21.7,1.51,0.33,0.13,0.6,16.5,0,0,0,0.14,0.14,0.09,0.06,0.06
Kenny McLean,sct SCO,MF,Norwich City,eng Premier League,29,1992,30.1,0.03,1.1,0.2,18.2,1.1,0.2,0.03,0.17,20.4,0,0,0,0.06,0.06,0.05,-0.03,-0.03
Dwight McNeil,eng ENG,MF,Burnley,eng Premier League,21,1999,34.5,0,1.51,0.43,28.8,1.51,0.43,0,0,22.8,0.12,0,0,0.07,0.07,0.04,-0.07,-0.07
Scott McTominay,sct SCO,MF,Manchester Utd,eng Premier League,24,1996,26.5,0.04,1.02,0.26,25.9,1.02,0.26,0.04,0.14,20.9,0,0,0,0.05,0.05,0.05,-0.02,-0.02
Gonzalo Melero,es ESP,MF,Levante,es La Liga,27,1994,18.8,0.37,1.06,0.48,45,1.06,0.48,0.25,0.56,17.1,0,0.11,0.11,0.22,0.14,0.13,0.15,0.13
Memphis,nl NED,FW,Barcelona,es La Liga,27,1994,20.6,0.58,2.72,1.41,51.8,2.72,1.41,0.14,0.28,19.4,0.29,0.19,0.24,0.54,0.35,0.13,0.04,0.03
Thiago Mendes,br BRA,MFDF,Lyon,fr Ligue 1,29,1992,20.7,0.05,0.77,0.19,25,0.77,0.19,0.06,0.25,25.5,0.19,0,0,0.03,0.03,0.04,0.01,0.01
Brais MÃ©ndez,es ESP,MF,Celta Vigo,es La Liga,24,1997,33.6,0.12,1.67,0.48,28.6,1.67,0.48,0.07,0.25,19.3,0.09,0,0,0.14,0.14,0.08,-0.02,-0.02
Ã‰dgar MÃ©ndez,es ESP,FWMF,AlavÃ©s,es La Liga,31,1990,17.9,0.06,1.4,0.45,32,1.39,0.45,0.04,0.13,19.3,0,0,0,0.08,0.08,0.06,-0.03,-0.03
Batista Mendy,fr FRA,MFDF,Angers,fr Ligue 1,21,2000,26.8,0.04,0.52,0.22,42.9,0.52,0.22,0.07,0.17,21.7,0,0,0,0.03,0.03,0.06,0.01,0.01
Mikel Merino,es ESP,MF,Real Sociedad,es La Liga,25,1996,32.1,0.09,1.4,0.47,33.3,1.4,0.47,0.07,0.2,17.3,0,0,0,0.13,0.13,0.09,-0.03,-0.03
Dries Mertens,be BEL,FWMF,Napoli,it Serie A,34,1987,15.4,0.71,2.86,1.23,43.2,2.86,1.24,0.23,0.53,18.4,0.26,0.06,0.06,0.28,0.23,0.08,0.44,0.42
Lionel Messi,ar ARG,FWMF,Paris S-G,fr Ligue 1,34,1987,23.9,0.25,3.72,1.21,32.6,3.72,1.21,0.07,0.21,19.1,0.67,0,0,0.42,0.42,0.11,-0.17,-0.17
Junior Messias,br BRA,FWMF,Milan,it Serie A,30,1991,15.9,0.31,2.77,1.07,38.6,2.77,1.07,0.11,0.29,18,0,0,0,0.22,0.22,0.08,0.09,0.09
Arkadiusz Milik,pl POL,FW,Marseille,fr Ligue 1,27,1994,15.7,0.45,3.38,1.21,35.8,3.37,1.21,0.11,0.32,13.8,0.13,0.06,0.06,0.52,0.47,0.14,-0.08,-0.09
Sergej MilinkoviÄ‡-SaviÄ‡,rs SRB,MF,Lazio,it Serie A,26,1995,34.4,0.32,2.18,0.9,41.3,2.18,0.9,0.15,0.35,17.5,0.2,0,0,0.21,0.21,0.1,0.11,0.11
Luis Milla,es ESP,MF,Granada,es La Liga,26,1994,30.8,0.1,0.62,0.1,15.8,0.62,0.1,0,0,25.6,0.1,0.1,0.1,0.12,0.04,0.07,-0.02,-0.04
Pere Milla,es ESP,MFFW,Elche,es La Liga,28,1992,18.3,0.44,1.58,0.77,48.3,1.59,0.77,0.28,0.57,13.1,0,0,0,0.27,0.27,0.17,0.17,0.17
Santi Mina,es ESP,FW,Celta Vigo,es La Liga,25,1995,26.3,0.27,2.24,0.8,35.6,2.24,0.8,0.12,0.33,14.8,0.04,0,0.04,0.32,0.29,0.13,-0.06,-0.03
Rafa Mir,es ESP,FW,Sevilla,es La Liga,24,1997,20.1,0.5,3.08,1.09,35.5,3.09,1.1,0.16,0.45,13,0,0,0,0.37,0.37,0.12,0.12,0.12
Henrikh Mkhitaryan,am ARM,MFFW,Roma,it Serie A,32,1989,27.7,0.18,1.99,0.58,29.1,1.98,0.58,0.09,0.31,21.5,0,0,0,0.14,0.14,0.07,0.04,0.04
Jakub Moder,pl POL,MF,Brighton,eng Premier League,22,1999,18.9,0,1.48,0.32,21.4,1.48,0.32,0,0,16.6,0.11,0,0,0.14,0.14,0.09,-0.14,-0.14
Anthony Modeste,fr FRA,FW,KÃ¶ln,de Bundesliga,33,1988,29,0.69,3.66,1.48,40.6,3.66,1.49,0.18,0.44,12.2,0,0.03,0.03,0.62,0.59,0.16,0.07,0.06
Luka ModriÄ‡,hr CRO,MF,Real Madrid,es La Liga,35,1985,22.6,0.09,1.15,0.44,38.5,1.15,0.44,0.04,0.1,22,0.04,0.04,0.04,0.11,0.08,0.06,-0.02,-0.03
Terem Moffi,ng NGA,FW,Lorient,fr Ligue 1,22,1999,30.1,0.27,1.93,0.66,34.5,1.93,0.66,0.1,0.3,16,0,0.07,0.07,0.37,0.32,0.16,-0.1,-0.12
Jorge Molina,es ESP,FW,Granada,es La Liga,39,1982,21.8,0.46,2.06,1.01,48.9,2.06,1.01,0.22,0.45,14,0,0,0.05,0.29,0.26,0.12,0.17,0.2
Florent Mollet,fr FRA,FWMF,Montpellier,fr Ligue 1,29,1991,29.2,0.21,1.88,0.58,30.9,1.88,0.58,0.11,0.35,21.5,0.41,0,0,0.15,0.15,0.08,0.06,0.06
Jon Moncayola,es ESP,MF,Osasuna,es La Liga,23,1998,32.4,0.06,1.27,0.37,29.3,1.27,0.37,0.05,0.17,25.5,0.06,0,0,0.07,0.07,0.06,-0.01,-0.01
Thomas Monconduit,fr FRA,MF,Lorient,fr Ligue 1,30,1991,25,0.12,1.44,0.48,33.3,1.44,0.48,0.08,0.25,25.6,0,0,0,0.06,0.06,0.04,0.06,0.06
Ãlvaro Morata,es ESP,FW,Juventus,it Serie A,28,1992,25.6,0.35,2.34,0.94,40,2.35,0.94,0.13,0.33,13.1,0.04,0.04,0.04,0.34,0.32,0.13,0.01,0
Tete Morente,es ESP,MF,Elche,es La Liga,24,1996,18.1,0.17,1.55,0.44,28.6,1.54,0.44,0.11,0.38,18.5,0,0,0,0.17,0.17,0.11,0,0
Steve MouniÃ©,bj BEN,FW,Brest,fr Ligue 1,26,1994,25.7,0.35,2.8,0.89,31.9,2.8,0.9,0.1,0.3,12.8,0,0.08,0.08,0.46,0.4,0.15,-0.11,-0.12
Mason Mount,eng ENG,MF,Chelsea,eng Premier League,22,1999,26.3,0.42,2.85,1.03,36,2.86,1.03,0.13,0.37,17.9,0.23,0.04,0.04,0.3,0.27,0.1,0.11,0.11
Lucas Moura,br BRA,FWMF,Tottenham,eng Premier League,28,1992,19.7,0.1,1.88,0.56,29.7,1.88,0.56,0.05,0.18,16.7,0,0,0,0.14,0.14,0.07,-0.04,-0.04
JoÃ£o Moutinho,pt POR,MF,Wolves,eng Premier League,34,1986,33,0.06,0.61,0.21,35,0.61,0.21,0.1,0.29,24.3,0.12,0,0,0.04,0.04,0.06,0.02,0.02
Samuel Moutoussamy,cd COD,MF,Nantes,fr Ligue 1,24,1996,16.8,0,0.83,0.36,42.9,0.83,0.36,0,0,16.9,0,0,0,0.11,0.11,0.13,-0.11,-0.11
Toni Moya,es ESP,MF,AlavÃ©s,es La Liga,23,1998,15.4,0,0.78,0.13,16.7,0.78,0.13,0,0,26.2,0.13,0,0,0.08,0.08,0.1,-0.08,-0.08
Thomas MÃ¼ller,de GER,MF,Bayern Munich,de Bundesliga,31,1989,28.4,0.28,1.94,0.92,47.3,1.94,0.91,0.15,0.31,13.2,0,0,0,0.37,0.37,0.2,-0.09,-0.09
Marshall Munetsi,zw ZIM,MFDF,Reims,fr Ligue 1,25,1996,20.9,0.24,1.53,0.62,40.6,1.53,0.62,0.16,0.38,17,0,0,0,0.19,0.19,0.13,0.05,0.05
Iker Muniain,es ESP,MF,Athletic Club,es La Liga,28,1992,30.9,0.13,1.23,0.55,44.7,1.23,0.55,0.08,0.18,19.3,0.19,0.03,0.1,0.19,0.11,0.09,-0.06,-0.01
Luis Muriel,co COL,FWMF,Atalanta,it Serie A,30,1991,17.1,0.53,3.22,0.94,29.1,3.22,0.94,0.13,0.44,18.8,0.29,0.12,0.12,0.42,0.33,0.1,0.11,0.08
Vedat Muriqi,xk KVX,FW,Mallorca,es La Liga,27,1994,16,0.31,3.06,1,32.7,3.07,1,0.06,0.19,15.6,0,0.13,0.13,0.33,0.23,0.08,-0.02,-0.04
Jacob Murphy,eng ENG,FWDF,Newcastle Utd,eng Premier League,26,1995,16.4,0.06,1.65,0.3,18.5,1.65,0.31,0.04,0.2,19.3,0.06,0,0,0.13,0.13,0.08,-0.07,-0.07
Jamal Musiala,de GER,MFFW,Bayern Munich,de Bundesliga,18,2003,16.3,0.31,2.52,0.92,36.6,2.52,0.92,0.12,0.33,16.1,0,0,0,0.25,0.25,0.1,0.06,0.06
Nahitan NÃ¡ndez,uy URU,MFDF,Cagliari,it Serie A,25,1995,16.9,0,1.18,0.12,10,1.18,0.12,0,0,20.5,0,0,0,0.05,0.05,0.04,-0.05,-0.05
Wilfred Ndidi,ng NGA,MFDF,Leicester City,eng Premier League,24,1996,18,0,0.78,0.22,28.6,0.78,0.22,0,0,19.7,0,0,0,0.04,0.04,0.05,-0.04,-0.04
Ãlvaro Negredo,es ESP,FW,CÃ¡diz,es La Liga,35,1985,24,0.29,2.67,1.04,39.1,2.67,1.04,0.08,0.2,16.6,0.04,0.08,0.13,0.3,0.2,0.08,-0.01,0
Florian Neuhaus,de GER,MF,M'Gladbach,de Bundesliga,24,1997,23.6,0.17,2.03,0.81,39.6,2.04,0.81,0.08,0.21,21.3,0.04,0,0,0.21,0.21,0.11,-0.04,-0.04
RÃºben Neves,pt POR,MF,Wolves,eng Premier League,24,1997,29.6,0.14,1.42,0.54,38.1,1.42,0.54,0.1,0.25,27.4,0.14,0,0,0.04,0.04,0.03,0.1,0.1
Neymar,br BRA,FWMF,Paris S-G,fr Ligue 1,29,1992,20.6,0.63,2.43,1.21,50,2.43,1.22,0.2,0.4,19.2,0.39,0.15,0.19,0.52,0.37,0.15,0.11,0.11
Ibrahima Niane,sn SEN,FW,Metz,fr Ligue 1,22,1999,17.6,0.17,2.39,0.51,21.4,2.39,0.51,0.05,0.22,17.9,0.06,0.06,0.06,0.21,0.16,0.07,-0.04,-0.05
HÃ¥vard Nielsen,no NOR,MFFW,Greuther FÃ¼rth,de Bundesliga,28,1993,15.2,0.13,1.84,0.66,35.7,1.84,0.66,0.07,0.2,13.5,0,0,0,0.13,0.13,0.07,0,0
Christopher Nkunku,fr FRA,FWMF,RB Leipzig,de Bundesliga,23,1997,30.3,0.66,2.67,1.29,48.1,2.68,1.29,0.23,0.49,16.3,0.26,0.03,0.03,0.53,0.5,0.19,0.13,0.12
Lukas Nmecha,de GER,FWMF,Wolfsburg,de Bundesliga,22,1998,18.1,0.44,2.87,1.22,42.3,2.88,1.22,0.15,0.36,12.8,0,0,0,0.49,0.49,0.17,-0.04,-0.04
Nolito,es ESP,MF,Celta Vigo,es La Liga,34,1986,15.4,0.13,1.3,0.58,45,1.3,0.59,0.1,0.22,16.6,0.06,0,0,0.19,0.19,0.15,-0.06,-0.06
Arnaud Nordin,fr FRA,FWMF,Saint-Ã‰tienne,fr Ligue 1,23,1998,20.8,0.19,2.16,0.96,44.4,2.16,0.96,0.09,0.2,17.2,0,0,0,0.17,0.17,0.08,0.02,0.02
Mathias Normann,no NOR,MF,Norwich City,eng Premier League,25,1996,18.3,0.05,1.42,0.27,19.2,1.42,0.27,0.04,0.2,28.2,0.33,0,0,0.05,0.05,0.04,0.01,0.01
Randy Ntekja,fr FRA,FWMF,Rayo Vallecano,es La Liga,23,1997,16.2,0.19,1.79,0.49,27.6,1.79,0.49,0.1,0.38,13.3,0,0,0,0.21,0.21,0.12,-0.02,-0.02
Christian NÃ¸rgaard,dk DEN,MF,Brentford,eng Premier League,27,1994,33.9,0.09,0.8,0.24,29.6,0.8,0.24,0.11,0.38,14.1,0,0,0,0.11,0.11,0.14,-0.02,-0.02
Lucas Ocampos,ar ARG,FW,Sevilla,es La Liga,27,1994,23.6,0.25,2.16,0.68,31.4,2.16,0.68,0.12,0.38,16.8,0,0,0,0.25,0.25,0.12,0,0
David Okereke,ng NGA,FWMF,Venezia,it Serie A,23,1997,22.8,0.31,1.75,0.83,47.5,1.75,0.83,0.18,0.37,15.6,0,0,0,0.22,0.22,0.12,0.09,0.09
Masaya Okugawa,jp JPN,MFFW,Arminia,de Bundesliga,25,1996,28.1,0.28,1.14,0.53,46.9,1.14,0.53,0.25,0.53,16.5,0,0,0,0.14,0.14,0.13,0.15,0.15
Amadou Onana,be BEL,MF,Lille,fr Ligue 1,19,2001,15.1,0.07,0.99,0.4,40,0.99,0.4,0.07,0.17,14.5,0,0,0,0.17,0.17,0.17,-0.11,-0.11
Jean Onana,cm CMR,MF,Bordeaux,fr Ligue 1,21,2000,20.4,0.15,1.03,0.2,19,1.03,0.2,0.14,0.75,23.4,0,0,0,0.07,0.07,0.07,0.08,0.08
Karim Onisiwo,at AUT,FW,Mainz 05,de Bundesliga,29,1992,26.2,0.19,2.48,0.73,29.2,2.48,0.72,0.08,0.26,13.6,0,0,0,0.31,0.31,0.13,-0.12,-0.12
Riccardo Orsolini,it ITA,FWMF,Bologna,it Serie A,24,1997,19.8,0.3,2.58,0.81,31.4,2.57,0.81,0.08,0.25,18.8,0.25,0.1,0.1,0.32,0.24,0.09,-0.02,-0.04
Victor Osimhen,ng NGA,FW,Napoli,it Serie A,22,1998,22,0.64,4.14,1.32,31.9,4.13,1.32,0.15,0.48,14.2,0,0,0,0.48,0.48,0.12,0.16,0.16
Remi Oudin,fr FRA,MFFW,Bordeaux,fr Ligue 1,24,1996,19.3,0.21,2.95,0.83,28.1,2.95,0.83,0.07,0.25,21.6,0.1,0,0,0.16,0.16,0.05,0.05,0.05
Azzedine Ounahi,ma MAR,MF,Angers,fr Ligue 1,21,2000,18.1,0.11,1.44,0.22,15.4,1.43,0.22,0.08,0.5,23.3,0,0,0,0.11,0.11,0.08,0,0
Mikel Oyarzabal,es ESP,FWMF,Real Sociedad,es La Liga,24,1997,18.6,0.48,1.99,0.65,32.4,1.99,0.65,0.14,0.42,19,0.27,0.22,0.27,0.5,0.29,0.15,-0.02,-0.02
Salih Ã–zcan,tr TUR,MF,KÃ¶ln,de Bundesliga,23,1998,25.7,0.08,1.05,0.23,22.2,1.05,0.23,0.07,0.33,16,0,0,0,0.07,0.07,0.07,0,0
Vincent Pajot,fr FRA,MF,Metz,fr Ligue 1,30,1990,25.7,0.04,0.54,0.08,14.3,0.55,0.08,0.07,0.5,20,0,0,0,0.04,0.04,0.07,0,0
Isaac PalazÃ³n Camacho,es ESP,FWMF,Rayo Vallecano,es La Liga,26,1994,25.4,0.08,2.28,0.47,20.7,2.28,0.47,0.03,0.17,21.8,0.24,0,0,0.12,0.12,0.05,-0.04,-0.04
MiloÅ¡ PantoviÄ‡,rs SRB,MFFW,Bochum,de Bundesliga,25,1996,17,0.24,1.29,0.59,45.5,1.29,0.59,0.14,0.3,18,0,0.06,0.06,0.35,0.31,0.24,-0.12,-0.13
Lucas PaquetÃ¡,br BRA,MFFW,Lyon,fr Ligue 1,23,1997,30,0.3,2.87,1.1,38.4,2.87,1.1,0.09,0.24,19.4,0.1,0.03,0.03,0.33,0.3,0.11,-0.03,-0.03
Daniel Parejo,es ESP,MF,Villarreal,es La Liga,32,1989,30,0.07,0.5,0.17,33.3,0.5,0.17,0.07,0.2,24.8,0.1,0.03,0.03,0.05,0.02,0.05,0.02,0.01
Thomas Partey,gh GHA,MF,Arsenal,eng Premier League,28,1993,22.5,0.09,1.96,0.4,20.5,1.95,0.4,0.05,0.22,22.5,0.09,0,0,0.12,0.12,0.06,-0.04,-0.04
Mario PaÅ¡aliÄ‡,hr CRO,MFFW,Atalanta,it Serie A,26,1995,22.2,0.59,2.21,0.9,40.8,2.2,0.9,0.27,0.65,11.9,0,0,0,0.39,0.39,0.18,0.19,0.19
Leonardo Pavoletti,it ITA,FW,Cagliari,it Serie A,32,1988,16.9,0.3,2.13,0.65,30.6,2.13,0.65,0.14,0.45,10.6,0,0,0,0.39,0.39,0.18,-0.09,-0.09
Dimitri Payet,fr FRA,FWMF,Marseille,fr Ligue 1,34,1987,28.8,0.42,2.12,0.63,29.5,2.12,0.62,0.08,0.28,24.4,0.83,0.24,0.24,0.37,0.18,0.08,0.05,0
Mads Pedersen,dk DEN,MFDF,Augsburg,de Bundesliga,24,1996,15.5,0.13,1.23,0.39,31.6,1.23,0.39,0.11,0.33,20.3,0.06,0,0,0.07,0.07,0.06,0.06,0.06
Pedro,es ESP,FW,Lazio,it Serie A,34,1987,22.6,0.4,1.59,0.88,55.6,1.59,0.89,0.25,0.45,17.1,0,0,0,0.21,0.21,0.13,0.19,0.19
JoÃ£o Pedro,it ITA,FW,Cagliari,it Serie A,29,1992,36.9,0.35,2.36,0.92,39.1,2.36,0.92,0.11,0.29,15.4,0.05,0.08,0.11,0.33,0.25,0.11,0.02,0.02
Lorenzo Pellegrini,it ITA,MF,Roma,it Serie A,25,1996,25.4,0.35,3.5,1.1,31.5,3.5,1.1,0.08,0.25,19.8,0.43,0.08,0.12,0.35,0.25,0.07,0,0.02
Danilo Pereira,pt POR,MF,Paris S-G,fr Ligue 1,29,1991,22.6,0.22,0.84,0.35,42.1,0.84,0.35,0.26,0.63,10.7,0,0,0,0.14,0.14,0.17,0.08,0.08
Roberto Pereyra,ar ARG,MFFW,Udinese,it Serie A,30,1991,19.9,0.15,1.41,0.3,21.4,1.4,0.3,0.07,0.33,17.2,0.05,0.05,0.1,0.24,0.16,0.11,-0.09,-0.06
Matteo Pessina,it ITA,MFFW,Atalanta,it Serie A,24,1997,16,0.06,1.75,0.56,32.1,1.75,0.56,0.04,0.11,16.3,0,0,0,0.15,0.15,0.09,-0.09,-0.09
Kalvin Phillips,eng ENG,MF,Leeds United,eng Premier League,25,1995,17.7,0,0.85,0.17,20,0.85,0.17,0,0,24,0.06,0,0,0.04,0.04,0.04,-0.04,-0.04
TomÃ¡s Pina Isla,es ESP,MF,AlavÃ©s,es La Liga,33,1987,16,0,0.31,0.06,20,0.31,0.06,0,0,23.9,0,0,0,0.03,0.03,0.09,-0.03,-0.03
Andrea Pinamonti,it ITA,FW,Empoli,it Serie A,22,1999,31.9,0.41,2.7,0.72,26.7,2.7,0.72,0.1,0.39,15.7,0.03,0.13,0.13,0.4,0.3,0.11,0.01,-0.02
Yeremi Pino,es ESP,MFFW,Villarreal,es La Liga,18,2002,18.6,0.32,1.45,0.81,55.6,1.45,0.8,0.22,0.4,11.3,0,0,0,0.3,0.3,0.2,0.03,0.03
Alassane PlÃ©a,fr FRA,MFFW,M'Gladbach,de Bundesliga,28,1993,23,0.43,2.57,1,39,2.57,1,0.12,0.3,17.7,0,0.13,0.13,0.35,0.25,0.1,0.04,0.01
Tommaso Pobega,it ITA,MF,Torino,it Serie A,22,1999,24.9,0.16,1.93,0.32,16.7,1.93,0.32,0.08,0.5,19.5,0,0,0,0.13,0.13,0.07,0.03,0.03
Daniel Podence,pt POR,FWMF,Wolves,eng Premier League,25,1995,16.5,0.12,2.12,0.91,42.9,2.12,0.91,0.06,0.13,22,0.06,0,0,0.12,0.12,0.06,0,0
Paul Pogba,fr FRA,MFFW,Manchester Utd,eng Premier League,28,1993,15,0.07,2.13,0.53,25,2.13,0.53,0.03,0.13,18,0,0,0,0.17,0.17,0.08,-0.11,-0.11
Matteo Politano,it ITA,FW,Napoli,it Serie A,27,1993,18.3,0.16,2.3,0.6,26.2,2.29,0.6,0.07,0.27,19,0.05,0,0,0.14,0.14,0.06,0.02,0.02
Sebastian Polter,de GER,FW,Bochum,de Bundesliga,30,1991,26,0.38,2.08,0.81,38.9,2.08,0.81,0.17,0.43,12.2,0,0.04,0.08,0.33,0.28,0.14,0.05,0.07
Pere Pons,es ESP,MF,AlavÃ©s,es La Liga,28,1993,15.2,0.07,0.99,0.26,26.7,0.99,0.26,0.07,0.25,15,0,0,0,0.1,0.1,0.1,-0.03,-0.03
Portu,es ESP,FWMF,Real Sociedad,es La Liga,29,1992,17.7,0.06,1.36,0.51,37.5,1.36,0.51,0,0,14.7,0,0.06,0.06,0.16,0.12,0.09,-0.11,-0.12
Dennis Praet,be BEL,MF,Torino,it Serie A,27,1994,17.1,0.12,1.4,0.47,33.3,1.4,0.47,0.08,0.25,17.4,0,0,0,0.13,0.13,0.11,-0.02,-0.02
Sanjin PrciÄ‡,ba BIH,MF,Strasbourg,fr Ligue 1,27,1993,24.3,0.04,1.89,0.45,23.9,1.89,0.45,0.02,0.09,25.5,0.04,0,0,0.06,0.06,0.03,-0.02,-0.02
Nicolas de PrÃ©ville,fr FRA,FWMF,Metz,fr Ligue 1,30,1991,21.9,0.23,1.87,0.46,24.4,1.87,0.46,0.12,0.5,20.9,0.18,0,0,0.13,0.13,0.07,0.1,0.1
Manuel Prietl,at AUT,MF,Arminia,de Bundesliga,29,1991,23.6,0,0.72,0.17,23.5,0.72,0.17,0,0,19.8,0,0,0,0.04,0.04,0.06,-0.04,-0.04
Grischa PrÃ¶mel,de GER,MF,Union Berlin,de Bundesliga,26,1995,26.9,0.3,1.38,0.45,32.4,1.37,0.45,0.22,0.67,13,0,0,0,0.23,0.23,0.17,0.06,0.06
Javi Puado,es ESP,MFFW,Espanyol,es La Liga,23,1998,24.9,0.16,1.61,0.48,30,1.6,0.48,0.1,0.33,14.9,0,0,0,0.2,0.2,0.12,-0.04,-0.04
Antonio Puertas,es ESP,MFFW,Granada,es La Liga,29,1992,25.1,0.24,1.31,0.56,42.4,1.31,0.56,0.18,0.43,14.2,0,0,0,0.14,0.14,0.1,0.1,0.1
Teemu Pukki,fi FIN,FW,Norwich City,eng Premier League,31,1990,36.1,0.3,1.88,0.66,35.3,1.88,0.66,0.12,0.33,15.2,0,0.08,0.08,0.32,0.25,0.13,-0.01,-0.03
Fabio Quagliarella,it ITA,FW,Sampdoria,it Serie A,38,1983,18.5,0.22,3.08,0.59,19.3,3.08,0.59,0.05,0.27,19.5,0.05,0.05,0.05,0.23,0.19,0.06,-0.02,-0.03
Adrien Rabiot,fr FRA,MF,Juventus,it Serie A,26,1995,25.4,0,1.02,0.28,26.9,1.02,0.28,0,0,17.2,0,0,0,0.08,0.08,0.08,-0.08,-0.08
Ivan RakitiÄ‡,hr CRO,MF,Sevilla,es La Liga,33,1988,24.2,0.17,1.2,0.41,34.5,1.2,0.41,0.1,0.3,22.4,0.17,0.04,0.08,0.13,0.07,0.06,0.03,0.06
Sandro RamÃ­rez,es ESP,FW,Getafe,es La Liga,26,1995,16.2,0.19,3.09,0.8,26,3.08,0.8,0.06,0.23,23,0.43,0,0,0.19,0.19,0.06,0,0
Jacob Ramsey,eng ENG,MF,Aston Villa,eng Premier League,20,2001,27.4,0.22,1.24,0.4,32.4,1.24,0.4,0.18,0.55,18.3,0,0,0,0.15,0.15,0.12,0.07,0.07
Raphinha,br BRA,FWMF,Leeds United,eng Premier League,24,1996,32.4,0.34,2.59,0.65,25,2.59,0.65,0.08,0.33,21.4,0.31,0.12,0.12,0.31,0.22,0.08,0.02,0
Elba Rashani,xk KVX,FWMF,Clermont Foot,fr Ligue 1,28,1993,19.5,0.41,1.54,0.62,40,1.53,0.61,0.27,0.67,13.7,0,0,0,0.27,0.27,0.17,0.14,0.14
Milot Rashica,xk KVX,FWMF,Norwich City,eng Premier League,25,1996,24.8,0.04,1.77,0.69,38.6,1.78,0.69,0.02,0.06,22.3,0.28,0,0,0.1,0.1,0.06,-0.06,-0.06
Giacomo Raspadori,it ITA,MFFW,Sassuolo,it Serie A,21,2000,30.4,0.33,2.34,0.82,35.2,2.33,0.82,0.14,0.4,17.9,0.1,0,0,0.24,0.24,0.1,0.09,0.09
Nathan Redmond,eng ENG,MFFW,Southampton,eng Premier League,27,1994,20.4,0.05,1.27,0.44,34.6,1.28,0.44,0.04,0.11,21.2,0.05,0,0,0.08,0.08,0.07,-0.03,-0.03
Marco Reus,de GER,MFFW,Dortmund,de Bundesliga,32,1989,27.8,0.32,1.83,0.79,43.1,1.83,0.79,0.18,0.41,15.8,0.29,0,0,0.41,0.41,0.23,-0.09,-0.09
Elvis RexhbeÃ§aj,de GER,MF,Bochum,de Bundesliga,23,1997,28.2,0,1.21,0.21,17.6,1.2,0.21,0,0,23.2,0,0,0,0.04,0.04,0.03,-0.04,-0.04
Franck RibÃ©ry,fr FRA,MFFW,Salernitana,it Serie A,38,1983,15.8,0,0.76,0.13,16.7,0.76,0.13,0,0,18.4,0.13,0,0,0.06,0.06,0.07,-0.06,-0.06
Samuele Ricci,it ITA,MF,Empoli,it Serie A,19,2001,17,0.06,0.47,0.06,12.5,0.47,0.06,0.13,1,27.6,0,0,0,0.01,0.01,0.03,0.05,0.05
Declan Rice,eng ENG,MF,West Ham,eng Premier League,22,1999,35.3,0.03,0.74,0.23,30.8,0.74,0.23,0.04,0.13,22.8,0.03,0,0,0.03,0.03,0.04,0,0
Richarlison,br BRA,FW,Everton,eng Premier League,24,1997,28,0.36,2.46,0.71,29,2.46,0.71,0.1,0.35,16.4,0.07,0.11,0.11,0.33,0.24,0.1,0.03,0.01
Marco Richter,de GER,FWMF,Hertha BSC,de Bundesliga,23,1997,18.9,0.26,2.33,0.9,38.6,2.32,0.9,0.11,0.29,20.1,0.16,0,0,0.17,0.17,0.07,0.1,0.1
Luis Rioja,es ESP,MFFW,AlavÃ©s,es La Liga,27,1993,34.6,0.03,1.27,0.46,36.4,1.27,0.46,0.02,0.06,18.3,0,0,0,0.09,0.09,0.07,-0.06,-0.06
Renaud Ripart,fr FRA,MFFW,Troyes,fr Ligue 1,28,1993,21,0.1,1.95,0.62,31.7,1.95,0.62,0.05,0.15,16.1,0,0,0,0.15,0.15,0.07,-0.05,-0.05
Rodri,es ESP,MF,Manchester City,eng Premier League,25,1996,32,0.22,1.41,0.44,31.1,1.4,0.44,0.16,0.5,19.8,0,0,0,0.07,0.07,0.05,0.15,0.15
Rodrigo,es ESP,MFFW,Leeds United,eng Premier League,30,1991,25.2,0.24,1.83,0.67,37,1.83,0.68,0.11,0.29,18.9,0,0.04,0.04,0.17,0.14,0.08,0.07,0.06
Ãngel RodrÃ­guez,es ESP,FWMF,Mallorca,es La Liga,34,1987,17.2,0.23,1.69,0.64,37.9,1.69,0.64,0.14,0.36,13,0,0,0,0.23,0.23,0.13,0.01,0.01
Dani RodrÃ­guez,es ESP,MFFW,Mallorca,es La Liga,33,1988,31.5,0.1,1.33,0.32,23.8,1.33,0.32,0.07,0.3,19.8,0.1,0,0,0.1,0.1,0.08,-0.01,-0.01
Guido RodrÃ­guez,ar ARG,MF,Betis,es La Liga,27,1994,28.1,0.04,0.75,0.28,38.1,0.75,0.28,0.05,0.13,21.4,0,0,0,0.04,0.04,0.05,0,0
Jay Rodriguez,eng ENG,FW,Burnley,eng Premier League,32,1989,15.4,0.13,2.66,0.71,26.8,2.67,0.72,0.05,0.18,15.1,0,0,0,0.31,0.31,0.12,-0.18,-0.18
Rodrygo,br BRA,FW,Real Madrid,es La Liga,20,2001,16.9,0.24,2.01,0.89,44.1,2.01,0.89,0.12,0.27,16.4,0,0,0,0.2,0.2,0.1,0.04,0.04
Oriol Romeu,es ESP,MF,Southampton,eng Premier League,29,1991,32.1,0.06,0.75,0.12,16.7,0.75,0.12,0.08,0.5,22.4,0,0,0,0.04,0.04,0.06,0.02,0.02
Cristiano Ronaldo,pt POR,FW,Manchester Utd,eng Premier League,36,1985,27.3,0.66,3.92,1.43,36.4,3.92,1.43,0.14,0.38,15.5,0.29,0.11,0.11,0.65,0.56,0.15,0.01,-0.01
Valentin Rongier,fr FRA,MFDF,Marseille,fr Ligue 1,26,1994,24.4,0,1.15,0.37,32.1,1.15,0.37,0,0,21.5,0,0,0,0.1,0.1,0.09,-0.1,-0.1
Marten de Roon,nl NED,MFDF,Atalanta,it Serie A,30,1991,28.3,0.11,0.81,0.18,21.7,0.81,0.18,0.13,0.6,19.7,0,0,0,0.07,0.07,0.09,0.04,0.04
Pablo Rosario,nl NED,MF,Nice,fr Ligue 1,24,1997,30.3,0,0.63,0.1,15.8,0.63,0.1,0,0,19.7,0,0,0,0.04,0.04,0.06,-0.04,-0.04
NicolÃ² Rovella,it ITA,MF,Genoa,it Serie A,19,2001,16.3,0,1.04,0.25,23.5,1.04,0.25,0,0,27.7,0.37,0,0,0.04,0.04,0.04,-0.04,-0.04
FabiÃ¡n Ruiz PeÃ±a,es ESP,MF,Napoli,it Serie A,25,1996,26.5,0.26,1.51,0.49,32.5,1.51,0.49,0.18,0.54,23.7,0,0,0,0.06,0.06,0.04,0.2,0.2
Georginio Rutter,fr FRA,FWMF,Hoffenheim,de Bundesliga,19,2002,17.9,0.45,2.91,1.17,40.4,2.91,1.17,0.15,0.38,13.9,0,0,0,0.39,0.39,0.13,0.06,0.06
Alexis Saelemaekers,be BEL,FW,Milan,it Serie A,22,1999,20.7,0.05,1.88,0.58,30.8,1.88,0.58,0.03,0.08,20.7,0,0,0,0.14,0.14,0.07,-0.09,-0.09
Allan Saint-Maximin,fr FRA,FWMF,Newcastle Utd,eng Premier League,24,1997,31.2,0.16,2.05,0.83,40.6,2.05,0.83,0.08,0.19,19.7,0,0,0,0.17,0.17,0.08,-0.01,-0.01
Bukayo Saka,eng ENG,FWMF,Arsenal,eng Premier League,19,2001,33.1,0.33,2.87,0.88,30.5,2.87,0.88,0.09,0.31,17.1,0,0.06,0.06,0.31,0.26,0.09,0.02,0.01
Mohamed Salah,eg EGY,FW,Liverpool,eng Premier League,29,1992,30.7,0.75,4.33,1.6,36.8,4.33,1.6,0.14,0.37,15.8,0.03,0.16,0.2,0.74,0.58,0.13,0.01,0.01
Roland Sallai,hu HUN,MFFW,Freiburg,de Bundesliga,24,1997,17.2,0.23,2.79,0.52,18.8,2.79,0.52,0.08,0.44,15.4,0,0,0,0.35,0.35,0.12,-0.12,-0.12
Salvi,es ESP,MFFW,CÃ¡diz,es La Liga,30,1991,15.5,0.13,1.23,0.45,36.8,1.23,0.45,0.11,0.29,16.1,0,0,0.06,0.17,0.12,0.09,-0.04,0.01
Diadie SamassÃ©kou,ml MLI,MF,Hoffenheim,de Bundesliga,25,1996,18.4,0.11,0.82,0.22,26.7,0.82,0.22,0.13,0.5,17.4,0,0,0,0.06,0.06,0.08,0.05,0.05
Mama Samba BaldÃ©,gw GNB,MFFW,Troyes,fr Ligue 1,25,1995,19.1,0.16,2.46,0.89,36.2,2.46,0.89,0.06,0.18,16.4,0,0,0.05,0.34,0.3,0.12,-0.18,-0.15
Antonio Sanabria,py PAR,FW,Torino,it Serie A,25,1996,20,0.3,2.45,0.95,38.8,2.45,0.95,0.12,0.32,12.5,0.05,0,0,0.42,0.42,0.17,-0.11,-0.11
Oihan Sancet,es ESP,FW,Athletic Club,es La Liga,21,2000,15.8,0.38,1.9,0.89,46.7,1.9,0.89,0.2,0.43,15,0,0,0,0.22,0.22,0.11,0.16,0.16
Renato Sanches,pt POR,MFFW,Lille,fr Ligue 1,23,1997,18.3,0.11,1.2,0.22,18.2,1.2,0.22,0.09,0.5,25,0.16,0,0,0.05,0.05,0.04,0.06,0.06
Antonio SÃ¡nchez,es ESP,MFFW,Mallorca,es La Liga,24,1997,18,0.06,1,0.22,22.2,1,0.22,0.06,0.25,22,0,0,0,0.08,0.08,0.08,-0.02,-0.02
Jadon Sancho,eng ENG,FWMF,Manchester Utd,eng Premier League,21,2000,21.1,0.14,1.23,0.43,34.6,1.23,0.43,0.12,0.33,14.1,0,0,0,0.17,0.17,0.14,-0.03,-0.03
Leroy SanÃ©,de GER,FWMF,Bayern Munich,de Bundesliga,25,1996,22,0.32,4.05,1.45,36,4.05,1.46,0.08,0.22,20.8,0.36,0,0,0.52,0.52,0.13,-0.2,-0.2
Baptiste Santamaria,fr FRA,MFDF,Rennes,fr Ligue 1,26,1995,28,0.07,1.21,0.25,20.6,1.22,0.25,0.06,0.29,18,0,0,0,0.07,0.07,0.05,0,0
Josh Sargent,us USA,FWMF,Norwich City,eng Premier League,21,2000,17.5,0.11,1.37,0.11,8.3,1.37,0.11,0.08,1,17.1,0,0,0,0.14,0.14,0.1,-0.03,-0.03
Ismaila Sarr,sn SEN,FWMF,Watford,eng Premier League,23,1998,20.7,0.24,1.88,0.72,38.5,1.89,0.73,0.13,0.33,18.3,0,0,0.05,0.23,0.19,0.1,0.01,0.05
TÃ©ji Savanier,fr FRA,MF,Montpellier,fr Ligue 1,29,1991,26.8,0.3,2.87,1.27,44.2,2.87,1.27,0.06,0.15,25.1,0.82,0.11,0.15,0.26,0.15,0.05,0.03,0.04
Gianluca Scamacca,it ITA,FW,Sassuolo,it Serie A,22,1999,23.8,0.67,3.28,1.51,46.2,3.27,1.51,0.19,0.42,17.4,0.04,0.04,0.04,0.46,0.43,0.13,0.21,0.2
Patrik Schick,cz CZE,FW,Leverkusen,de Bundesliga,25,1996,23.1,1.04,3.81,1.86,48.9,3.82,1.86,0.26,0.53,12.8,0.09,0.04,0.09,0.78,0.71,0.19,0.26,0.28
Jeffrey Schlupp,gh GHA,MFFW,Crystal Palace,eng Premier League,28,1992,20.6,0.19,1.6,0.44,27.3,1.6,0.44,0.12,0.44,14.3,0,0,0,0.17,0.17,0.1,0.03,0.03
Alessandro SchÃ¶pf,at AUT,MF,Arminia,de Bundesliga,27,1994,26.6,0.04,1.32,0.34,25.7,1.31,0.34,0.03,0.11,21.4,0.08,0,0,0.08,0.08,0.06,-0.04,-0.04
Jerdy Schouten,nl NED,MF,Bologna,it Serie A,24,1997,15.5,0.06,0.39,0.06,16.7,0.39,0.06,0.17,1,24.2,0,0,0,0.01,0.01,0.03,0.05,0.05
Paul Seguin,de GER,MF,Greuther FÃ¼rth,de Bundesliga,26,1995,23.4,0,0.47,0.09,18.2,0.47,0.09,0,0,23.8,0.09,0,0,0.02,0.02,0.04,-0.02,-0.02
NÃ©lson Semedo,pt POR,MFDF,Wolves,eng Premier League,27,1993,23.7,0,0.8,0.17,21.1,0.8,0.17,0,0,20.2,0,0,0,0.07,0.07,0.08,-0.07,-0.07
Suat Serdar,de GER,MFFW,Hertha BSC,de Bundesliga,24,1997,24.6,0.12,1.34,0.41,30.3,1.34,0.41,0.09,0.3,17.7,0,0,0,0.09,0.09,0.06,0.04,0.04
Salva Sevilla,es ESP,MF,Mallorca,es La Liga,37,1984,16.7,0.3,1.32,0.24,18.2,1.31,0.24,0.05,0.25,27.4,0.42,0.24,0.24,0.29,0.1,0.08,0.01,-0.04
Jonjo Shelvey,eng ENG,MF,Newcastle Utd,eng Premier League,29,1992,22,0.09,1.36,0.64,46.7,1.36,0.64,0.07,0.14,27.8,0.27,0,0,0.04,0.04,0.03,0.05,0.05
AndrÃ© Silva,pt POR,FW,RB Leipzig,de Bundesliga,25,1995,23.1,0.48,2.38,1,41.8,2.38,1,0.15,0.35,11.8,0,0.13,0.13,0.55,0.46,0.2,-0.07,-0.12
Bernardo Silva,pt POR,MFFW,Manchester City,eng Premier League,26,1994,31.7,0.25,1.48,0.6,40.4,1.48,0.6,0.17,0.42,12.6,0,0,0,0.21,0.21,0.14,0.04,0.04
David Silva,es ESP,MF,Real Sociedad,es La Liga,35,1986,19.1,0.1,1.1,0.31,28.6,1.1,0.31,0.1,0.33,16.4,0,0,0,0.16,0.16,0.15,-0.06,-0.06
Giovanni Simeone,ar ARG,FW,Hellas Verona,it Serie A,26,1995,29.5,0.58,2.34,1.08,46.4,2.34,1.09,0.25,0.53,14.7,0,0,0.03,0.35,0.32,0.14,0.23,0.25
Moses Simon,ng NGA,FWMF,Nantes,fr Ligue 1,26,1995,25.9,0.23,1.62,0.62,38.1,1.62,0.62,0.14,0.38,15.9,0.08,0,0,0.18,0.18,0.11,0.05,0.05
Ibrahima Sissoko,fr FRA,MFDF,Strasbourg,fr Ligue 1,23,1997,25.6,0.08,1.02,0.23,23.1,1.02,0.23,0.08,0.33,15,0,0,0,0.1,0.1,0.1,-0.02,-0.02
Moussa Sissoko,fr FRA,MF,Watford,eng Premier League,31,1989,35.8,0.06,0.7,0.22,32,0.7,0.22,0.08,0.25,16.8,0,0,0,0.11,0.1,0.15,-0.05,-0.05
Ellyes Skhiri,tn TUN,MF,KÃ¶ln,de Bundesliga,26,1995,20.2,0.2,1.14,0.4,34.8,1.14,0.4,0.17,0.5,16.2,0,0,0,0.16,0.16,0.14,0.04,0.04
Oliver Skipp,eng ENG,MF,Tottenham,eng Premier League,20,2000,15,0,0.27,0.07,25,0.27,0.07,0,0,24.8,0,0,0,0.01,0.01,0.06,-0.01,-0.01
Emile Smith Rowe,eng ENG,MFFW,Arsenal,eng Premier League,21,2000,21.3,0.47,1.88,1.08,57.5,1.87,1.08,0.25,0.43,15.8,0,0,0,0.28,0.28,0.15,0.19,0.19
RubÃ©n Sobrino,es ESP,FWMF,CÃ¡diz,es La Liga,29,1992,20.7,0.19,1.59,0.48,30.3,1.6,0.48,0.12,0.4,13,0,0,0,0.26,0.26,0.17,-0.07,-0.06
Carlos Soler,es ESP,MF,Valencia,es La Liga,24,1997,27.5,0.4,1.24,0.51,41.2,1.24,0.51,0.12,0.29,23.7,0.22,0.25,0.25,0.33,0.13,0.1,0.07,0.02
Roberto Soriano,it ITA,MF,Bologna,it Serie A,30,1991,29.1,0,0.79,0.27,34.8,0.79,0.27,0,0,18.9,0,0,0,0.07,0.07,0.09,-0.07,-0.07
Florian Sotoca,fr FRA,FWMF,Lens,fr Ligue 1,30,1990,27.6,0.22,2.5,0.87,34.8,2.5,0.87,0.06,0.17,15.5,0,0.07,0.07,0.31,0.25,0.1,-0.09,-0.11
TomÃ¡Å¡ SouÄek,cz CZE,MF,West Ham,eng Premier League,26,1995,34,0.15,1.32,0.32,24.4,1.32,0.32,0.11,0.45,12.8,0,0,0,0.16,0.14,0.11,-0.01,0.01
Djibril Sow,ch SUI,MF,Eint Frankfurt,de Bundesliga,24,1997,26.8,0.07,0.6,0.11,18.8,0.6,0.11,0.13,0.67,25.9,0,0,0,0.02,0.02,0.04,0.05,0.05
Anton Stach,de GER,MF,Mainz 05,de Bundesliga,22,1998,20.7,0.05,2.37,0.58,24.5,2.37,0.58,0.02,0.08,25.6,0.43,0,0,0.1,0.1,0.04,-0.05,-0.05
Raheem Sterling,eng ENG,FW,Manchester City,eng Premier League,26,1994,23.6,0.55,2.29,1.06,46.3,2.28,1.06,0.2,0.44,14,0,0.08,0.13,0.59,0.49,0.21,-0.04,-0.02
Angelo Stiller,de GER,MF,Hoffenheim,de Bundesliga,20,2001,18.8,0.11,0.8,0.21,26.7,0.8,0.21,0.13,0.5,17.6,0,0,0,0.06,0.06,0.08,0.05,0.05
Lars Stindl,de GER,MFFW,M'Gladbach,de Bundesliga,32,1988,18.1,0.22,2.27,0.77,34.1,2.27,0.77,0.1,0.29,18.6,0.11,0,0.11,0.35,0.26,0.11,-0.13,-0.04
Stefano Sturaro,it ITA,MF,Genoa,it Serie A,28,1993,19.6,0,0.46,0,0,0.46,0,0,,19.9,0,0,0,0.03,0.03,0.06,-0.03,-0.03
Denis SuÃ¡rez,es ESP,MF,Celta Vigo,es La Liga,27,1994,31.3,0.13,0.7,0.26,36.4,0.7,0.26,0.18,0.5,23.4,0.03,0,0,0.07,0.07,0.1,0.06,0.06
Luis SuÃ¡rez,uy URU,FW,AtlÃ©tico Madrid,es La Liga,34,1987,20.4,0.54,2.5,1.13,45.1,2.5,1.13,0.18,0.39,19.6,0.1,0.1,0.15,0.49,0.38,0.15,0.05,0.06
Mattias Svanberg,se SWE,MF,Bologna,it Serie A,22,1999,28.5,0.11,1.37,0.46,33.3,1.37,0.46,0.08,0.23,21,0.07,0,0,0.07,0.07,0.05,0.03,0.03
Dominik Szoboszlai,hu HUN,MFFW,RB Leipzig,de Bundesliga,20,2000,17.1,0.35,2.34,0.88,37.5,2.33,0.87,0.15,0.4,22.8,0.41,0,0.06,0.28,0.23,0.1,0.07,0.12
Alexander SÃ¸rloth,no NOR,FW,Real Sociedad,es La Liga,25,1995,19.6,0.2,1.79,0.61,34.3,1.79,0.61,0.11,0.33,12.5,0,0,0,0.3,0.3,0.17,-0.1,-0.1
Flavien Tait,fr FRA,MF,Rennes,fr Ligue 1,28,1993,23.6,0.21,1.78,0.51,28.6,1.78,0.51,0.12,0.42,20.7,0,0,0,0.11,0.11,0.06,0.1,0.1
Adrien Tameze,cm CMR,MFDF,Hellas Verona,it Serie A,27,1994,28.6,0.14,0.8,0.24,30.4,0.8,0.24,0.17,0.57,21.5,0,0,0,0.04,0.04,0.05,0.1,0.1
Renato Tapia,pe PER,MF,Celta Vigo,es La Liga,26,1995,15.7,0,0.76,0.19,25,0.76,0.19,0,0,24.5,0,0,0,0.03,0.03,0.04,-0.03,-0.03
Florian Tardieu,fr FRA,MF,Troyes,fr Ligue 1,29,1992,29.2,0.14,0.68,0.17,25,0.68,0.17,0,0,31.2,0.14,0.14,0.14,0.13,0.02,0.03,0.01,-0.02
AurÃ©lien TchouamÃ©ni,fr FRA,MF,Monaco,fr Ligue 1,21,2000,32.5,0.09,1.69,0.31,18.2,1.69,0.31,0.05,0.3,22.5,0,0,0,0.06,0.06,0.04,0.03,0.03
Martin Terrier,fr FRA,FWMF,Rennes,fr Ligue 1,24,1997,30.9,0.68,2.78,1.42,51.2,2.79,1.42,0.22,0.43,14.9,0,0.06,0.06,0.45,0.4,0.14,0.23,0.22
Adrien Thomasson,fr FRA,MF,Strasbourg,fr Ligue 1,27,1993,26.5,0.3,1.81,0.72,39.6,1.81,0.72,0.17,0.42,16.3,0,0,0,0.23,0.23,0.13,0.07,0.07
Morten Thorsby,no NOR,MF,Sampdoria,it Serie A,25,1996,32.7,0.09,0.8,0.21,26.9,0.8,0.21,0.12,0.43,13.3,0,0,0,0.1,0.1,0.12,-0.01,-0.01
KhÃ©phren Thuram-Ulie,fr FRA,MF,Nice,fr Ligue 1,20,2001,21.1,0.19,1.09,0.33,30.4,1.09,0.33,0.17,0.57,17,0,0,0,0.13,0.13,0.12,0.06,0.06
Youri Tielemans,be BEL,MF,Leicester City,eng Premier League,24,1997,29.2,0.21,1.95,0.51,26.3,1.95,0.51,0.07,0.27,25,0,0.07,0.07,0.15,0.1,0.05,0.05,0.04
Timothy Tillman,de GER,MF,Greuther FÃ¼rth,de Bundesliga,22,1999,22.3,0.04,1.08,0.36,33.3,1.08,0.36,0.04,0.13,19.1,0.09,0,0,0.07,0.07,0.07,-0.03,-0.03
Karl Toko Ekambi,cm CMR,FW,Lyon,fr Ligue 1,28,1992,25.5,0.47,2.9,1.41,48.6,2.9,1.41,0.14,0.28,14.4,0,0.08,0.08,0.49,0.43,0.15,-0.02,-0.04
RaÃºl de TomÃ¡s,es ESP,FW,Espanyol,es La Liga,26,1994,32.4,0.52,3.12,1.23,39.6,3.12,1.24,0.12,0.3,18.9,0.28,0.15,0.15,0.47,0.35,0.11,0.06,0.02
Sandro Tonali,it ITA,MF,Milan,it Serie A,21,2000,28.9,0.17,1.28,0.38,29.7,1.28,0.38,0.14,0.45,23,0.14,0,0,0.14,0.14,0.11,0.03,0.03
Ivan Toney,eng ENG,FW,Brentford,eng Premier League,25,1996,32.3,0.37,2.57,0.74,28.9,2.57,0.74,0.08,0.29,15.8,0,0.15,0.15,0.35,0.23,0.09,0.02,-0.01
Lucas Torreira,uy URU,MF,Fiorentina,it Serie A,25,1996,24.4,0.2,1.19,0.53,44.8,1.19,0.53,0.17,0.38,14.2,0.08,0,0,0.22,0.2,0.19,-0.01,0
FerrÃ¡n Torres,es ESP,FW,Barcelona,es La Liga,21,2000,15.7,0.25,3.25,1.15,35.3,3.25,1.15,0.06,0.17,16.5,0.19,0.06,0.06,0.45,0.39,0.12,-0.19,-0.2
Lucas TorrÃ³,es ESP,MF,Osasuna,es La Liga,27,1994,30.3,0.03,1.12,0.3,26.5,1.12,0.3,0.03,0.11,21.1,0,0,0,0.05,0.05,0.05,-0.02,-0.02
Lucas Tousart,fr FRA,MF,Hertha BSC,de Bundesliga,24,1997,21.8,0.09,1.06,0.32,30.4,1.06,0.32,0.09,0.29,19.5,0,0,0,0.07,0.07,0.07,0.02,0.02
Yoann Touzghar,tn TUN,FW,Troyes,fr Ligue 1,34,1986,16.2,0.25,1.73,0.74,42.9,1.73,0.74,0.14,0.33,13.2,0,0,0,0.3,0.3,0.18,-0.06,-0.06
Andros Townsend,eng ENG,MFFW,Everton,eng Premier League,30,1991,16.2,0.19,1.23,0.56,45,1.24,0.56,0.1,0.22,22.1,0.25,0.06,0.06,0.14,0.09,0.07,0.05,0.03
Boubacar TraorÃ©,ml MLI,MF,Metz,fr Ligue 1,19,2001,19.2,0.05,1.15,0.26,22.7,1.15,0.26,0.05,0.2,28.3,0,0,0,0.04,0.04,0.04,0.01,0.01
Ã“scar Trejo,ar ARG,MF,Rayo Vallecano,es La Liga,33,1988,22.3,0.13,0.9,0.27,30,0.9,0.27,0,0,25.5,0,0.13,0.13,0.15,0.04,0.05,-0.01,-0.04
Manu Trigueros,es ESP,MFFW,Villarreal,es La Liga,29,1991,24.2,0.25,1.69,0.74,43.9,1.69,0.74,0.15,0.33,17.7,0,0,0,0.24,0.24,0.14,0.01,0.01
Leandro Trossard,be BEL,FWMF,Brighton,eng Premier League,26,1994,31.2,0.26,2.34,0.83,35.6,2.34,0.83,0.1,0.27,18.7,0.16,0.03,0.03,0.21,0.19,0.08,0.04,0.04
Hwang Ui-jo,kr KOR,FW,Bordeaux,fr Ligue 1,28,1992,27.9,0.39,1.97,0.79,40,1.97,0.79,0.2,0.5,16.4,0,0,0,0.32,0.32,0.16,0.08,0.08
Enes Ãœnal,tr TUR,FW,Getafe,es La Liga,24,1997,31.1,0.51,2.64,0.77,29.3,2.64,0.77,0.17,0.58,16.5,0.23,0.06,0.13,0.33,0.23,0.09,0.18,0.22
Cengiz Ãœnder,tr TUR,FWMF,Marseille,fr Ligue 1,24,1997,24.4,0.41,2.34,0.78,33.3,2.33,0.78,0.16,0.47,19.2,0.04,0.04,0.04,0.26,0.23,0.1,0.15,0.14
Mark Uth,de GER,MFFW,KÃ¶ln,de Bundesliga,29,1991,22.5,0.22,3.11,0.89,28.6,3.11,0.89,0.07,0.25,18,0.18,0,0,0.23,0.23,0.07,-0.01,-0.01
Ã“scar ValentÃ­n,es ESP,MF,Rayo Vallecano,es La Liga,26,1994,28.5,0,0.39,0.04,9.1,0.39,0.04,0,0,19.9,0,0,0,0.04,0.04,0.11,-0.04,-0.04
Federico Valverde,uy URU,MF,Real Madrid,es La Liga,23,1998,20.4,0,1.67,0.44,26.5,1.67,0.44,0,0,25.7,0,0,0,0.04,0.04,0.03,-0.04,-0.04
Jamie Vardy,eng ENG,FW,Leicester City,eng Premier League,34,1987,20.1,0.75,2.69,1.24,46.3,2.69,1.25,0.28,0.6,12.4,0,0,0,0.54,0.54,0.2,0.21,0.21
Ruben Vargas,ch SUI,MFFW,Augsburg,de Bundesliga,22,1998,22,0.05,1.82,0.36,20,1.81,0.36,0.03,0.13,18.1,0,0,0,0.16,0.16,0.09,-0.12,-0.12
JosÃ© Luis GarcÃ­a VayÃ¡,es ESP,MF,Levante,es La Liga,22,1998,22.4,0,0.63,0.09,14.3,0.63,0.09,0,0,23.5,0.09,0,0,0.03,0.03,0.04,-0.03,-0.03
Unai Vencedor Paris,es ESP,MF,Athletic Club,es La Liga,20,2000,26.5,0,0.75,0.08,10,0.76,0.08,0,0,21,0,0,0,0.03,0.03,0.05,-0.03,-0.03
Daniele Verde,it ITA,FWMF,Spezia,it Serie A,25,1996,21.7,0.37,2.35,0.97,41.2,2.35,0.97,0.14,0.33,22.8,0.41,0.05,0.09,0.25,0.18,0.08,0.12,0.14
Jordan Veretout,fr FRA,MF,Roma,it Serie A,28,1993,25.8,0.16,1.05,0.31,29.6,1.05,0.31,0.11,0.38,22,0.12,0.04,0.08,0.18,0.12,0.11,-0.02,0
Marco Verratti,it ITA,MF,Paris S-G,fr Ligue 1,28,1992,21.5,0.09,0.33,0.09,28.6,0.33,0.09,0.29,1,16.4,0,0,0,0.03,0.03,0.09,0.07,0.07
Mikel Vesga,es ESP,MF,Athletic Club,es La Liga,28,1993,15.1,0.13,0.93,0.26,28.6,0.93,0.27,0.14,0.5,17.9,0,0,0,0.07,0.07,0.07,0.07,0.07
DuÅ¡an VlahoviÄ‡,rs SRB,FW,Fiorentina,it Serie A,21,2000,20.6,0.83,3.35,1.31,39.1,3.34,1.31,0.17,0.44,17.2,0.24,0.24,0.29,0.63,0.4,0.12,0.2,0.18
Kevin Volland,de GER,MFFW,Monaco,fr Ligue 1,29,1992,27.1,0.33,1.85,0.85,46,1.85,0.85,0.16,0.35,13.5,0.07,0.04,0.04,0.27,0.24,0.13,0.06,0.05
Walace,br BRA,MF,Udinese,it Serie A,26,1995,33,0.03,1.42,0.33,23.4,1.42,0.33,0.02,0.09,25.7,0,0,0,0.05,0.05,0.03,-0.02,-0.02
James Ward-Prowse,eng ENG,MF,Southampton,eng Premier League,26,1994,35.7,0.28,1.43,0.56,39.2,1.43,0.56,0.12,0.3,27.9,0.64,0.11,0.11,0.15,0.06,0.04,0.13,0.11
Daniel Wass,dk DEN,MF,Valencia,es La Liga,32,1989,17.6,0.06,1.59,0.45,28.6,1.59,0.46,0.04,0.13,24.5,0.06,0,0,0.1,0.1,0.07,-0.05,-0.05
Ollie Watkins,eng ENG,FW,Aston Villa,eng Premier League,25,1995,32.8,0.34,2.32,0.95,40.8,2.32,0.95,0.13,0.32,13.6,0,0.03,0.03,0.35,0.34,0.14,-0.02,-0.03
Timothy Weah,us USA,MFFW,Lille,fr Ligue 1,21,2000,18,0.17,1.89,0.5,26.5,1.89,0.5,0.09,0.33,18.2,0,0,0,0.21,0.21,0.12,-0.04,-0.04
Wout Weghorst,nl NED,FW,Burnley,eng Premier League,28,1992,16.1,0.12,1.86,0.43,23.3,1.86,0.43,0.07,0.29,14,0,0,0,0.3,0.3,0.16,-0.17,-0.17
Wout Weghorst,nl NED,FW,Wolfsburg,de Bundesliga,28,1992,17.3,0.35,2.08,1.1,52.8,2.09,1.1,0.14,0.26,11.9,0.06,0.06,0.12,0.46,0.36,0.18,-0.11,-0.08
Danny Welbeck,eng ENG,FWMF,Brighton,eng Premier League,30,1990,16.4,0.37,2.62,1.28,48.8,2.62,1.28,0.14,0.29,12.8,0,0,0,0.4,0.4,0.16,-0.04,-0.04
Ashley Westwood,eng ENG,MF,Burnley,eng Premier League,31,1990,25.4,0,0.55,0.04,7.1,0.55,0.04,0,0,21,0,0,0,0.02,0.02,0.04,-0.02,-0.02
Georginio Wijnaldum,nl NED,MF,Paris S-G,fr Ligue 1,30,1990,18.4,0.05,1.2,0.11,9.1,1.2,0.11,0.05,0.5,15.3,0,0,0,0.11,0.11,0.09,-0.05,-0.05
IÃ±aki Williams,gh GHA,FW,Athletic Club,es La Liga,27,1994,30.9,0.26,3.04,1.13,37.2,3.05,1.13,0.07,0.2,14,0,0.03,0.03,0.46,0.43,0.14,-0.2,-0.2
Joe Willock,eng ENG,MF,Newcastle Utd,eng Premier League,21,1999,22.6,0.09,1.55,0.49,31.4,1.55,0.49,0.06,0.18,17.2,0,0,0,0.14,0.14,0.09,-0.05,-0.05
Callum Wilson,eng ENG,FW,Newcastle Utd,eng Premier League,29,1992,15.4,0.52,2.14,0.78,36.4,2.14,0.78,0.18,0.5,14.2,0,0.13,0.13,0.4,0.3,0.14,0.12,0.09
Patrick Wimmer,at AUT,FWMF,Arminia,de Bundesliga,20,2001,22.8,0.13,2.46,0.66,26.8,2.46,0.66,0.05,0.2,20.2,0.13,0,0,0.16,0.16,0.07,-0.03,-0.03
Florian Wirtz,de GER,MFFW,Leverkusen,de Bundesliga,18,2003,20.6,0.34,1.75,0.63,36.1,1.75,0.63,0.19,0.54,17.5,0.05,0,0,0.26,0.26,0.15,0.08,0.08
Axel Witsel,be BEL,MFDF,Dortmund,de Bundesliga,32,1989,21.6,0.09,0.37,0.09,25,0.37,0.09,0.25,1,20.8,0,0,0,0.04,0.04,0.1,0.06,0.06
Jeong Woo-yeong,kr KOR,FWMF,Freiburg,de Bundesliga,21,1999,19.8,0.25,2.58,0.96,37.3,2.58,0.96,0.1,0.26,16.3,0,0,0,0.27,0.27,0.11,-0.02,-0.02
Chris Wood,nz NZL,FW,Burnley,eng Premier League,29,1991,15.2,0.2,1.97,0.72,36.7,1.98,0.72,0.1,0.27,12.7,0,0,0,0.28,0.28,0.14,-0.08,-0.08
Xeka,pt POR,MF,Lille,fr Ligue 1,26,1994,18,0.17,1.22,0.28,22.7,1.22,0.28,0.14,0.6,24,0.11,0,0,0.08,0.08,0.07,0.08,0.08
Granit Xhaka,ch SUI,MFDF,Arsenal,eng Premier League,28,1992,25.9,0.04,1.04,0.19,18.5,1.04,0.19,0.04,0.2,23.4,0.04,0,0,0.05,0.05,0.05,-0.02,-0.02
Burak YÄ±lmaz,tr TUR,FW,Lille,fr Ligue 1,36,1985,24.6,0.16,2.76,1.02,36.8,2.77,1.02,0.03,0.08,17,0.2,0.08,0.08,0.39,0.33,0.12,-0.23,-0.24
Zaydou Youssouf,fr FRA,MF,Saint-Ã‰tienne,fr Ligue 1,22,1999,17.3,0.06,1.16,0.35,30,1.16,0.35,0.05,0.17,27.5,0,0,0,0.05,0.05,0.04,0.01,0.01
Mattia Zaccagni,it ITA,FW,Lazio,it Serie A,26,1995,20.8,0.19,1.59,0.48,30.3,1.58,0.48,0.12,0.4,15.3,0,0,0,0.15,0.15,0.1,0.04,0.04
Wilfried Zaha,ci CIV,FW,Crystal Palace,eng Premier League,28,1992,30.7,0.46,2.02,0.85,41.9,2.02,0.85,0.15,0.35,18.8,0,0.16,0.23,0.31,0.13,0.06,0.15,0.17
Denis Zakaria,ch SUI,MFDF,M'Gladbach,de Bundesliga,24,1996,15.5,0.13,1.16,0.26,22.2,1.16,0.26,0.11,0.5,24.8,0,0,0,0.06,0.06,0.05,0.07,0.07
Andre-Frank Zambo Anguissa,cm CMR,MF,Napoli,it Serie A,25,1995,21.4,0,0.93,0.14,15,0.93,0.14,0,0,21.1,0,0,0,0.05,0.05,0.06,-0.05,-0.05
NicolÃ² Zaniolo,it ITA,FWMF,Roma,it Serie A,22,1999,21.9,0.09,3.2,0.91,28.6,3.2,0.91,0.03,0.1,18.5,0,0,0,0.26,0.26,0.08,-0.16,-0.16
DuvÃ¡n Zapata,co COL,FW,Atalanta,it Serie A,30,1991,19.1,0.52,4.08,1.62,39.7,4.08,1.62,0.09,0.23,13.3,0,0.16,0.16,0.71,0.59,0.14,-0.18,-0.22
Piotr ZieliÅ„ski,pl POL,MF,Napoli,it Serie A,27,1994,23.2,0.26,1.85,0.65,34.9,1.86,0.65,0.14,0.4,20,0.04,0,0,0.15,0.15,0.08,0.11,0.11
MartÃ­n Zubimendi,es ESP,MF,Real Sociedad,es La Liga,22,1999,28.8,0.07,0.69,0.31,45,0.69,0.31,0.1,0.22,13.2,0,0,0,0.08,0.08,0.11,-0.01,-0.01
Szymon Å»urkowski,pl POL,MF,Empoli,it Serie A,23,1997,25.6,0.23,1.84,0.66,36.2,1.83,0.66,0.13,0.35,19.2,0,0,0,0.14,0.14,0.08,0.09,0.09
Martin Ã˜degaard,no NOR,MFFW,Arsenal,eng Premier League,22,1998,30.9,0.23,1.72,0.68,39.6,1.71,0.68,0.13,0.33,21,0.39,0,0,0.16,0.16,0.09,0.07,0.07
Milan ÄuriÄ‡,ba BIH,FW,Salernitana,it Serie A,31,1990,24.1,0.21,2.03,0.62,30.6,2.04,0.62,0.08,0.27,11.1,0,0.04,0.04,0.22,0.19,0.09,-0.01,-0.02
